,mito_dir,ER_dir,lyso_dir,pathway
(5Z)-7-Oxozeaenol,0.08986884775081488,-0.11040795712746788,-0.3352991147295864,"Other, kinases"
(R)-PFI-2,0.13091188158001626,0.019619014556150404,-0.010327352299105868,Chromatin histone acetylation
5-Fluorouracil,-0.16685586640779287,0.09892793616626647,0.20003333025360906,Other
5-azacytidine,-0.31664227880206813,0.11743732318798167,0.08826455955516538,Other
A-1155463,0.2049521995467988,0.13112906775414224,0.1194005368584619,Apoptosis regulation
A-1210477,-0.03914555638689614,-0.07941949769144241,-0.06300414107319961,Apoptosis regulation
A-196,0.005356312580913351,0.1519029502975085,0.10819080772481596,Chromatin histone methylation
A-366,-0.0162048351882565,-0.011304243281621338,-0.020345139568426207,Chromatin histone methylation
A-443654,0.07816505406943654,-0.09353443369379624,-0.16390590020868906,PI3K/MTOR signaling
A-770041,0.1879644794316709,-0.05003024048384774,-0.17760552968847498,"Other, kinases"
A-83-01,0.13028657805910157,0.01755786013099699,-0.10488459010269727,Other
ABT737,0.09912548475521361,0.1675245625876075,0.2294424833058652,Apoptosis regulation
AC220,-0.14721640788798224,0.04026110231687022,0.13577333718202889,RTK signaling
ACY-1215,0.06182073536835565,0.08695321573115261,0.11906020350124433,Chromatin histone acetylation
ACY-738,-0.19946750481455625,0.1995427574490903,0.3626467606542885,Chromatin histone acetylation
AGI-5198,0.022560304657237365,-0.008875071384455967,-0.0354563810609257,Metabolism
AGI-6780,0.11946948235158181,-0.0692965189988814,-0.11348754973892146,Metabolism
AICA Ribonucleotide,0.08500888053338465,0.05378623330513188,0.04666024276570214,Metabolism
AKT inhibitor VIII,0.09655283312749134,-0.09390051477670022,-0.08859866295575283,PI3K/MTOR signaling
AMG-319,-0.015024726994572624,0.0402243431829286,0.04074400186922784,PI3K/MTOR signaling
AMG900,-0.14286940024973452,0.15675693495382023,0.23274949922620272,Mitosis
AR-42,-0.09532652002630569,0.13917176826250685,0.15464014129759462,Chromatin histone acetylation
ARRY-520,-0.05827524958724879,0.11918456258555932,0.23662881263605245,Mitosis
AS601245,0.07249619253800463,-0.1499512219383497,-0.21221802412630922,JNK and p38 signaling
AS605240,0.09631098530997273,-0.02070881577961659,-0.12118896046393375,PI3K/MTOR signaling
ASLAN002,-0.09346889026720777,0.18680398455367972,0.2444067548139597,RTK signaling
AST-1306,0.25994115581856664,-0.11114363791775397,-0.2871984247664829,RTK signaling
AT-7519,-0.010692603521689057,0.028261143241540162,0.09252058827329036,Cell cycle
AT13148,-0.0823845420301255,-0.0157046562317414,0.040555464690452715,PI3K/MTOR signaling
AT7867,0.03799311131778384,0.007683505367328978,0.019935381433258424,PI3K/MTOR signaling
AX15836,0.0606359681341835,0.04576744512443355,0.0933893468337277,ERK MAPK signaling
AZ191,-0.10073632229483657,0.08337942909870653,0.2538951622242464,"Other, kinases"
AZ20,0.05086978025156445,-0.11226082272454584,-0.19601509162636852,Genome integrity
AZ6102,-0.011096619438623523,-0.08688885208273638,-0.1291201649832178,WNT signaling
AZ628,-0.13408104056698997,-0.011081732778552369,-0.07317923940793525,ERK MAPK signaling
AZ960,0.013735245341917866,0.1268803043605502,0.19021071115013172,"Other, kinases"
AZD0156,-0.09405963700488318,-0.08200625112668361,-0.02451015964548815,Genome integrity
AZD1152-HQPA,-0.057351418747874715,0.1272478051558454,0.24017266785053087,Mitosis
AZD1208,0.09176546654824061,-0.0865231337643864,-0.12334499673211181,"Other, kinases"
AZD1332,0.22251181990717317,-0.15148682347211884,-0.28552830111378386,RTK signaling
AZD1390,-0.02377954474322999,-0.019382237262047533,0.008661178509532063,Genome integrity
AZD1480,0.19531803588090746,-0.08999257252220898,-0.15101524010966116,"Other, kinases"
AZD1775,-0.04698007130712653,0.11699071313857413,0.2229334579687722,Cell cycle
AZD2014,0.03302319393088306,-0.17129276171705618,-0.22740121173285047,PI3K/MTOR signaling
AZD3514,0.04612464520903685,-0.13082593954516056,-0.18693691826755612,Hormone-related
AZD3759,0.15502597163405923,-0.0044358658327906565,-0.14421944113425741,EGFR signaling
AZD4205,0.026627699493543683,0.02892826949207569,0.11358939903326966,"Other, kinases"
AZD4547,0.05059890238133207,-0.05563932075909111,-0.021930235427471623,RTK signaling
AZD4877,0.020870601368035757,-0.15323243081475044,-0.12031322928155393,Mitosis
AZD5363,-0.05067381523486357,-0.08169558114913723,-0.029221620703448206,"Other, kinases"
AZD5438,0.1221413749803692,-0.1653603324586974,-0.2801529282750706,Cell cycle
AZD5582,0.1540307609674259,-0.08788122797536324,-0.10421186130300893,Other
AZD5991,-0.1391548177846203,0.06319640248926614,0.17813361019047236,Apoptosis regulation
AZD6094,0.22843461790554997,-0.08828533251170718,-0.25239025551283023,RTK signaling
AZD6482,0.16749795179818341,-0.1906662229353544,-0.32355071434241245,PI3K/MTOR signaling
AZD6738,-0.050641364663233504,0.028086838136483407,0.09052877656128212,Genome integrity
AZD7762,0.027101436036955667,-0.019931195278299712,-0.003965657311090855,Cell cycle
AZD7969,0.016665244585883403,-0.04798870718570458,-0.044958354436346305,WNT signaling
AZD8055,-0.04681888204334408,-0.037836249532845014,-0.1217478229591026,PI3K/MTOR signaling
AZD8186,0.16218109225302452,-0.15227285959272738,-0.28797228676776565,PI3K/MTOR signaling
AZD8835,0.039575332884637125,-0.017815388531236855,-0.05659800728688727,PI3K/MTOR signaling
AZD8931,0.18542091198078278,-0.08303879344864849,-0.22586205389912267,RTK signaling
Abemaciclib,-0.23818634331531388,0.12683568301108156,0.27858355218447023,Cell cycle
Afatinib,0.19913196447255377,0.0339264074581702,-0.1141535636214293,EGFR signaling
Afuresertib,-0.0802855025476359,-0.09149525364750151,-0.03558100366573334,PI3K/MTOR signaling
Alectinib,0.17532157599654022,-0.016638939842801646,-0.10124830320618386,RTK signaling
Alisertib,-0.07849044193528475,0.2188514980783276,0.3223798380630387,Mitosis
Alpelisib,-0.004987798054769205,0.016282907632747694,0.046315842104974775,PI3K/MTOR signaling
Amuvatinib,-0.11747364131238575,0.04231556871967273,0.042612994407712775,RTK signaling
Anastrozole,-0.005975026826651059,-0.006062823139205932,0.15333625987708518,Hormone-related
Apitolisib,0.1102302535709823,-0.04305509057271743,-0.10988465138750492,PI3K/MTOR signaling
Ara-G,0.1658482147024209,0.026935643956350588,0.0065903524686023104,Other
Avagacestat,0.1674140722094929,-0.05121238789608572,-0.18578568740880794,Other
Axitinib,-0.06059992363547617,0.10310321809373232,0.23960089081778707,RTK signaling
BAM7,0.2063403190331305,-0.0681276729675738,-0.18860569715142433,Other
BAY-598,-0.04667693645687015,0.10844219884546262,0.1243696549898949,Chromatin histone methylation
BAY-61-3606,-0.07652992125619251,0.007358756121610153,0.1153200618918914,"Other, kinases"
BAY-87-2243,-0.016262048155213905,0.09595880247883391,0.24111273207895362,Other
BAZ2-ICR,-0.02504913136439138,0.060439272442674614,0.09075863666297353,Chromatin other
BCL6_7224,-0.19687951170122137,0.09635237076239643,0.26212313213465266,Apoptosis regulation
BCLXL_3202,0.13959220414192616,0.14519495381373648,0.020322362773317178,Apoptosis regulation
BDP-00009066,-0.10217361451597526,0.010880011991301647,0.06306901936713881,Cytoskeleton
BI-2536,-0.15393232799380377,0.11218610057305908,0.2555320861311985,Cell cycle
BI-7273,-0.11526249405199494,0.05955203254375205,0.1751704167341139,Chromatin other
BI-9564,-0.1720272311562571,0.090999766595014,0.2231203199098305,Chromatin other
BIBF-1120,0.07871192101065516,0.004095004560434617,-0.012905194911447088,RTK signaling
BIBR-1532,-0.0022888112245789743,0.032986019152580204,-0.02685694080843867,Genome integrity
BIX-02188,-0.06031188261708993,0.14531813726526013,0.19626567061503652,ERK MAPK signaling
BIX02189,0.003795813874626808,0.06952556478158828,0.08599842901842757,ERK MAPK signaling
BLU9931,-0.0589391353557558,0.02192063066824398,0.09574880795485499,RTK signaling
BMS-345541,-0.02482332359334812,0.0643892283500666,0.06771799370278578,"Other, kinases"
BMS-509744,0.09937089736292923,-0.1167543160690571,-0.17470157465376587,"Other, kinases"
BMS-536924,0.10673089064825851,-0.07098252907858628,-0.18361351543432225,IGF1R signaling
BMS-754807,0.05202285026115556,0.014869688160348761,0.011006200996413721,RTK signaling
BMS-911543,0.11685486672739309,-0.06866041492713763,-0.05994095593992578,"Other, kinases"
BMX-IN-1,-0.039769527664803954,0.10684961683799782,0.184140205444291,"Other, kinases"
BPD-00008900,-0.04681691019000723,-0.009415060968600562,0.05317159700912233,Other
BPTES,0.16008900673623408,-0.12614502218831594,-0.24297566243952623,Other
BVD523,-0.11595863989021522,-0.0035747390143315975,-0.10369321955475766,ERK MAPK signaling
BX-912,-0.04340523706756207,0.13126146988535797,0.2742229036533178,Metabolism
BX795,0.09955233207242985,-0.04290584440129515,-0.06570371532210784,"Other, kinases"
Barasertib,-0.07314937740340596,0.34250824024903864,0.5148782274308734,Mitosis
Belinostat,-0.047602857160495955,0.1345899704838041,0.17872221423977952,Chromatin histone acetylation
Bexarotene,0.04906280127181993,-0.10575763049479203,-0.24434213116188205,Other
Bicalutamide,0.18895269015680538,-0.13701804727729028,-0.208974435660268,Hormone-related
Bleomycin,0.019452340166760746,-0.04949499501380211,-0.06937211884799477,DNA replication
Bleomycin (10 uM),0.18440826181354544,-0.17079329301004048,-0.2636755569860803,DNA replication
Bleomycin (50 uM),0.11403707327385912,-0.12889361216179746,-0.17742566221781125,DNA replication
Bortezomib,0.06444892324976081,-0.11214245551295064,-0.20561754350118155,Protein stability and degradation
Bosutinib,0.01421470394778302,-0.0016333994843161686,-0.05201836432358305,"Other, kinases"
Brigatinib,0.08534558569665665,0.04833038279472759,-0.003439454449551654,EGFR signaling
"Brivanib, BMS-540215",-0.004473478052123791,0.03499805515073266,0.07374597428708743,RTK signaling
Bryostatin 1,0.1913400813564432,-0.12577230843507484,-0.30903905812231763,Other
Buparlisib,-0.06531722827304053,-0.08663163295392276,-0.08678935320902352,PI3K/MTOR signaling
C-75,0.1608428681497787,0.08846550284023816,0.02427696942018729,Apoptosis regulation
CA3,0.024704140447144095,-0.027463908648704884,-0.12133507159900934,Other
"CAP-232, TT-232, TLN-232",0.21030835606506862,-0.09532966442746532,-0.23826841607437682,Metabolism
CAY10566,-0.04287521004657318,0.010445508787597564,-0.02121148810358109,Other
CAY10603,-0.0718971810009514,0.11583966664952164,0.1762193255852102,Chromatin histone acetylation
CB-839,-0.04790557749707251,0.001956263995480044,0.005314029050017013,Other
CCT-018159,0.10534213319312359,-0.13191744344731748,-0.14449646016654558,Protein stability and degradation
CCT007093,0.1332138872859991,-0.09926857400117538,-0.21216831184655618,Cell cycle
CCT244747,-0.010467011551272056,0.08070533456451272,0.08710277918454896,Cell cycle
CCT251545,-0.06646516969046687,0.0737785541909671,0.10414202686704,Cell cycle
CD532,-9.896095989152469e-05,-0.05254172507649585,-0.041318943822019207,Mitosis
CDK12_1992,-0.2322974587911199,-0.006270592924418562,0.10721990504793127,Cell cycle
CDK12_2242,-0.2056617142341355,-0.003255457092746023,0.08105135830876024,Cell cycle
CDK12_5078,-0.20948419976239963,0.005165037958885234,0.12308669498682427,Cell cycle
CDK12_8969,-0.009799998892213285,0.0021815192486857936,0.10310647376660104,Cell cycle
CDK7_8454,-0.12745200986365204,0.021233236518832282,0.13062387746336157,Cell cycle
CGI1746,-0.07381440875566717,0.0798728236522288,0.1641526848972692,"Other, kinases"
CGP-082996,0.07473420603301083,-0.010204515272244355,-0.12125365205843293,Cell cycle
CGP-60474,0.19505369000189715,-0.09791766268260292,-0.24021096566116487,Cell cycle
CHIR-99021,0.11170807710478077,-0.08318351197185625,-0.18490277463386492,WNT signaling
CI-1033,0.19570578742592026,-0.03437526247001113,-0.16509115606066238,RTK signaling
CI-1040,0.09147502378712835,-0.06333562243426565,-0.3226006352117789,ERK MAPK signaling
CMK,0.10403187250996015,-0.01957806867767027,-0.09032896983494593,"Other, kinases"
CP-724714,-0.01770371151376456,0.05288151143466663,-0.04144578438201645,EGFR signaling
CP466722,0.027788566750914918,0.02015346842445599,-0.01714820469704434,Genome integrity
CP724714,0.0519587687325037,-0.029092204318162927,-0.12796085421411219,RTK signaling
CPI-169,0.042189539038045044,0.005885998204393318,-0.008774507346802614,Chromatin histone methylation
CPI-360,-0.013367879409075429,0.07871778281939641,0.08828106770189663,Chromatin histone methylation
CPI-613,0.1510274170956622,-0.07098922765088626,-0.18169115798145594,Other
CPI-637,-0.1050824309823432,0.12896302799726858,0.1736269632231002,Chromatin histone methylation
CUDC-101,-0.025112760811707817,0.099527659396845,0.14254337984360907,Other
CX-5461,-0.12061106241476954,0.1229074959790597,0.27126726327724626,Other
CZC24832,0.04074236659838065,-0.026070627255877474,0.15577504633694275,PI3K/MTOR signaling
Cabozantinib,0.09032604362959662,-0.028268593644638372,-0.0713021906113763,RTK signaling
Camptothecin,-0.08940772909915748,0.08912139155703981,0.23465403622091474,DNA replication
Capivasertib,-0.00518922010414767,-0.10542323885587036,-0.10945740804480455,PI3K/MTOR signaling
Capmatinib,-0.06862233990353322,0.02028993403245916,0.07209152442789737,RTK signaling
Carboplatin,0.026983347021339168,0.0070963128214756805,-0.010069628955223986,DNA replication
Cediranib,0.013362854975476634,-0.03892023261037325,-0.08318505789009377,RTK signaling
Ceritinib,-0.01306618695307019,-0.004512481679043384,0.026428642867134092,RTK signaling
Cetuximab,0.266936007061994,-0.12477783202361209,-0.31997575535259337,EGFR signaling
Cisplatin,0.04943530831784766,-0.0966185487250595,-0.04297380198735099,DNA replication
Crizotinib,-0.12157219225939996,0.07120566628436298,0.19440294763542662,RTK signaling
Cyclopamine,0.12300580144792307,-0.047291949566582905,-0.10064575921552213,Other
Cyclophosphamide,-0.02290026855075682,0.0997665612066263,0.0504636960893365,DNA replication
Cymarine,0.012558005858684617,-0.12412174853960276,-0.17294597326616934,Other
Cytarabine,-0.11424861856479764,0.016143189929528286,0.1117205273862023,Other
DBeQ,0.09933788033128128,-0.09165185096138638,-0.16788956868898408,Other
DMOG,0.16917077419788104,-0.08618271464509121,-0.16710697999829058,Metabolism
Dabrafenib,-0.09754314510061601,-0.04569174430972435,-0.130057039189766,ERK MAPK signaling
Dabrafenib (1373) + Trametinib (1372),0.08544400671182649,-0.16017485259582478,-0.38208726164824197,Other
Dacinostat,0.05508803966142288,0.04259648490569323,0.01691670423359952,Chromatin histone acetylation
Dactinomycin,-0.16088612213118877,-0.0045891943950939935,0.09823721529969488,Other
Dactolisib,-0.05412885978907537,-0.13814343627074085,-0.19507552920637647,PI3K/MTOR signaling
Danusertib,-0.11585956665977298,0.14296513049498302,0.32870899378458174,Other
Daporinad,-0.15498349376457887,0.1341218184528279,0.33385639941246853,Metabolism
Daraprim,-0.11027704614183984,-0.01080382401716906,0.09712710955028779,Genome integrity
Dasatinib,0.22804533137098687,-0.03693758070388389,-0.13488955011603604,RTK signaling
Deltarasin,0.03208264982180449,-0.0270258626498256,-0.04052083961183775,ERK MAPK signaling
Dinaciclib,-0.13491854453224078,-0.07885572139303483,-0.16931518876207202,Cell cycle
Docetaxel,0.047456775939651266,-0.10963639297154283,-0.09210373818904467,Mitosis
Doramapimod,0.08339878009265637,-0.0957068575336938,-0.15018924348030022,JNK and p38 signaling
Doxorubicin,0.0812574967983527,-0.14104337387522514,-0.13986184638614327,DNA replication
Dyrk1b_0191,0.20779355967755933,-0.15238471224425748,-0.31357308340302237,"Other, kinases"
E7449,-0.021408657145178214,0.13065305092606588,0.17322154831639736,Other
EAI045,-0.05469950204063559,0.05731907862997685,0.0670488677853918,EGFR signaling
EGF816,-0.07600356786733556,0.14087782478207223,0.22231771029563208,EGFR signaling
EGFR_0300,0.07417770701680053,0.04791256578807106,0.06019979254559769,EGFR signaling
EGFR_5383,-0.27523748956429894,0.08092617488204505,0.23427699495139778,EGFR signaling
EGFR_7518,0.11117442306088793,-0.016021426154317946,-0.09409559920350369,EGFR signaling
EGFR_8897,0.05524334647671552,0.05303230247329454,0.0642627708136583,EGFR signaling
EHT-1864,0.02404833862654414,-0.09646368970463066,-0.12527320876466985,Cytoskeleton
EI1,0.06514689284090772,0.0361511792457009,-0.049336532129406044,Chromatin histone methylation
EPZ-6438,-0.02793501912853619,0.05181363298603367,0.11724824178086693,Chromatin histone methylation
EPZ004777,-0.06540705654872317,0.0713884627924721,0.07168772362891163,Chromatin histone methylation
EPZ011989,-0.07992299349982929,0.08292755964559777,0.0999074959593993,Chromatin histone methylation
EPZ015666,-0.00919383079451941,0.03862572351554678,0.08220710015193128,Chromatin histone methylation
EPZ020411,0.03149298851786618,0.07592917806421472,0.09599395731750526,Chromatin histone methylation
EPZ5676,-0.13088755689198978,0.07346995880405516,0.1328762711760636,Chromatin histone methylation
ERK_5051,-0.05433539914928315,-0.013846672198619854,-0.142155555132286,ERK MAPK signaling
ERK_5330,0.0982913408100949,-0.05751769343296386,-0.28263280900795684,ERK MAPK signaling
ERK_6197,-0.09397017465113965,0.014676667144605632,-0.09960333811334433,ERK MAPK signaling
ETP-45835,0.08978650818679573,-0.042960471383985295,-0.12412206704807931,"Other, kinases"
Elesclomol,0.047218566620386586,-0.1218089368240684,-0.1683786390345142,Protein stability and degradation
Embelin,0.11200803110564882,-0.12096588651004411,-0.19555157566570486,Apoptosis regulation
Entinostat,-0.047316477089504615,0.07815017399408047,0.11438499961144279,Chromatin histone acetylation
Entospletinib,0.01945176080382402,-0.15457028582577312,-0.11082821188176765,"Other, kinases"
Entrectinib,0.12707903019785635,-0.05853926700235883,-0.14828839635572316,RTK signaling
Enzastaurin,-0.021768976353907645,-0.0008823106582111253,0.008736192456645744,"Other, kinases"
EphB4_9721,0.24719526758107838,-0.06873516761360876,-0.22476387278323778,RTK signaling
Epirubicin,-0.16928967314981902,0.01945124649062277,0.17915162108700777,DNA replication
Epothilone B,0.0022300405357507545,-0.07708988640733729,-0.10412782203647267,Mitosis
Erlotinib,0.0704935492791944,0.060751582040627305,-0.015123333754005566,EGFR signaling
Etoposide,-0.02921004474629214,-0.013604764991755244,0.07367869809336136,DNA replication
Everolimus,-0.16443984794275496,-0.18015988372093025,-0.14613707513416818,PI3K/MTOR signaling
FEN1_3940,0.14725801224385357,-0.1411328725554335,-0.1684438804320421,Genome integrity
FGFR_0939,0.2578806916607719,-0.17081215448239304,-0.33568915499524954,RTK signaling
FGFR_3831,0.128432744040727,-0.059069136131140045,-0.034965985598261334,RTK signaling
FH535,0.029204987148607222,-0.1692144887305844,-0.31400936592626805,Other
FMK,0.1909747778241324,-0.046683462186111954,-0.16855168343522078,"Other, kinases"
FR-180204,0.14413020807544596,-0.0006020854145989337,-0.10921795349856735,ERK MAPK signaling
FTI-277,0.205594981173136,-0.12927800760897148,-0.2996985796708734,Other
FTY-720,0.23821761879840161,-0.0936270433650921,-0.28189534460800025,Other
Fedratinib,0.026760209034901842,0.08793000891012459,0.16921833859999158,"Other, kinases"
Fenretinide,-0.10288965225450296,0.11478749927752405,0.2874813635814159,Other
Filgotinib,-0.0929408124780702,0.14134130531886163,0.3187164139375785,"Other, kinases"
Flavopiridol,0.02458065393637667,0.014068625956340557,0.023539401004655656,Cell cycle
Foretinib,0.09090371335707408,0.06144485489354824,-0.017204265761649223,RTK signaling
Fulvestrant,0.09406907006094367,-0.05492036311053625,-0.10717029855714781,Hormone-related
G-5555,0.13219373535881143,-0.1299840322486497,-0.18831793162652125,"Other, kinases"
GDC-0879,-0.10449443337615072,-0.03477419598878347,-0.07894711870574526,ERK MAPK signaling
GDC0810,-0.014585998968721398,0.033046137984280535,0.058445878378748616,Hormone-related
GNE-317,-0.020418986468155178,-0.13081968724409757,-0.16888626830821934,PI3K/MTOR signaling
GNE7915,-0.1191167243682925,0.03690236629538135,0.162408672701283,"Other, kinases"
GNF-2,0.1449043344693515,-0.0666930350885614,-0.17386146978351652,ABL signaling
GNF-5,-0.11053666833174604,0.10960909710678486,0.18676348325385317,ABL signaling
GSK-LSD1-2HCl ,0.044317260813725855,0.14769510841781072,0.12908639758600482,Chromatin histone methylation
GSK1059615,0.13114576631787347,-0.11622233054059532,-0.24086728296508594,PI3K/MTOR signaling
GSK1070916,-0.06243364294213199,0.17035432931032124,0.2557294397198907,Mitosis
GSK126,-0.11162065271195994,0.019372212818444114,0.07687511521498086,Chromatin histone methylation
GSK1904529A,0.03820672387761338,-0.05827394383149964,-0.06510132059179166,RTK signaling
GSK2292767,-0.08820580137104544,-0.026086950982592293,0.0008664724185686794,PI3K/MTOR signaling
GSK2334470,-0.11583260169739538,-0.12535362403667938,-0.03563067017851917,"Other, kinases"
GSK2578215A,-0.04131384931892368,-0.0569459560657537,-0.027850600818625653,"Other, kinases"
GSK2606414,-0.10109745390693592,-0.045132182226124286,-0.07783630865281436,Metabolism
GSK269962A,0.022113176517676653,-0.06002923143042972,-0.0726122181590458,Cytoskeleton
GSK2830371,-0.1564935814420392,0.10509005465013219,0.1945199503161363,Other
GSK2830371A,-0.10371671056482297,0.20622866061847625,0.32543654277631456,Other
GSK319347A,0.07350837613401813,-0.07062064993039888,-0.14288139010224163,"Other, kinases"
GSK343,-0.004931226221832017,-0.05873573309920983,-0.003092381231099405,Chromatin histone methylation
GSK429286A,-0.014213502211664961,0.036126360029057364,0.07333550714279942,Cytoskeleton
GSK481,0.11091762005423896,-0.0548268024265278,-0.08966244980995625,"Other, kinases"
GSK484,-0.0017597411464157868,0.036009272994484226,0.07571899452252265,Other
GSK583,0.04429203302733899,-0.026955101060887526,-0.0014672863757905523,"Other, kinases"
GSK591,-0.0275701614630423,-0.033074954375853616,0.04286825075153214,Chromatin histone methylation
GSK650394,-0.045652724339061194,-0.0414646259553546,-0.005088340912770247,"Other, kinases"
GSK690693,0.011015490727577567,0.07008491411134168,0.12313974051346015,PI3K/MTOR signaling
GSK864,-0.044194375258188125,0.032509840641094793,0.07893357716087258,Metabolism
GW-2580,0.166054133914693,-0.0026333555402676245,-0.17585977708258663,RTK signaling
GW441756,0.05315568399083101,-0.11990190373610093,-0.21157654251269126,RTK signaling
GW843682X,-0.04756347554301405,0.14864634015172126,0.22912440763541345,Cell cycle
Gefitinib,0.16638133062697824,-0.05522326951529239,-0.16026773325676055,EGFR signaling
Gemcitabine,-0.10254745221800028,-0.0072416469967738935,0.05252952792748497,DNA replication
Genentech Cpd 10,-0.031086609206271393,0.025938610122289294,0.07189529748431013,Mitosis
Ginkgolide A,0.1944280215543843,-0.14784041435195663,-0.2593077728719164,Other
HG-5-113-01,0.07547702240694706,0.038686978006848026,0.015893744465988246,Other
HG-5-88-01,0.20065072453225843,-0.039558153806502995,-0.12406878102495539,"Other, kinases"
HG-9-91-01,-0.10721547798705727,0.019792431541536367,0.10772667500379784,"Other, kinases"
HG6-64-1,0.08890953236699452,-0.060888444689559,-0.1421955868041876,ERK MAPK signaling
I-BET-762,-0.14324720091587287,0.07243071963644208,0.19229312715633942,Chromatin other
I-BET151,-0.1551288602111158,0.08642832926991377,0.13887033495706874,Chromatin other
I-BRD9,-0.17055348472879503,0.07153760581342032,0.16511943770171125,Chromatin other
IAP_5620,0.24927361331394407,-0.17106664596726553,-0.29943684104322504,Other
IAP_7638,0.26175349850884033,-0.19183078575792906,-0.2803893317708336,Other
IC-87114,0.2224407842748422,-0.05448875466032173,-0.21745732816543475,PI3K/MTOR signaling
ICL1100013,-0.06112049740827624,-0.10969179764148801,-0.07439978679306594,Other
IGFR_3801,0.08701403754807982,-0.0653124495174272,-0.08496927293719415,IGF1R signaling
IMD-0354,0.05608441162068219,-0.1254393052882116,-0.17669888788115493,"Other, kinases"
IOX2,0.1275172305960814,-0.1416814132064639,-0.20130703925201474,Other
IPA-3,-0.015631174373689057,-0.027454948837455265,0.054323351130374585,Cytoskeleton
IRAK1-4-Inhibitor-I,-0.11209638084089357,-0.3861428153350893,-0.3005706760316067,"Other, kinases"
IRAK4_1495,-0.3134054950220578,0.16401976569949875,0.3422005535847456,"Other, kinases"
IRAK4_7891,-0.15130728321031184,0.1702381716049041,0.2262607140485684,"Other, kinases"
IRAK4_8366,-0.16222858987379135,0.141624412776323,0.24199152921688116,"Other, kinases"
IWP-2,0.05760413618183592,-0.0077797288069456644,0.08208955223880599,WNT signaling
Ibrutinib,-0.025069058055410123,0.11292719137373208,0.12435099670686736,"Other, kinases"
Idelalisib,0.07653033671181704,-0.03447642447778988,-0.12698113108954764,PI3K/MTOR signaling
Imatinib,-0.07626069856514626,0.10378780464161406,0.1901391757361597,"Other, kinases"
Ipatasertib,-0.034982582586727116,-0.04892038346571362,0.01794671673031929,PI3K/MTOR signaling
Irinotecan,-0.07019735568398731,0.10731890009025466,0.2686165418271681,DNA replication
Ispinesib Mesylate,-0.1320207160112903,0.06847706976445307,0.16440269671759455,Mitosis
JAK1_3715,0.14442314173697943,-0.09936253673813959,-0.21148003129285944,"Other, kinases"
JAK3_7406,0.13847344528143316,-0.12749610897259633,-0.15408042978450517,"Other, kinases"
JNJ38877605,0.253589617103983,-0.06762083658289754,-0.27251065379216793,RTK signaling
JNK Inhibitor VIII,0.11410651626750454,-0.12856789161283258,-0.19285483864346437,JNK and p38 signaling
JNK-9L,0.05611101917340199,-0.118224129467561,-0.20827153163949227,JNK and p38 signaling
JNK-IN-8,-0.030963373935133175,0.02938434055995492,0.17368432278365578,JNK and p38 signaling
JQ1,-0.028777751929774106,-0.05579023038542248,-0.027966577453791264,Chromatin other
JQ12,-0.02002440770179421,-0.04738418622083913,-0.06965684660599915,Chromatin histone acetylation
JW-7-24-1,0.05045097755375236,0.04825186874861537,0.06776475357638732,"Other, kinases"
JW-7-52-1,0.0028589681550828293,-0.07457575884584562,-0.25944553883696353,PI3K/MTOR signaling
KH-CB19,0.063393201290811,0.10334854245125082,0.08529066581857087,"Other, kinases"
KIN001-042,0.18120506210980905,-0.076876382122093,-0.2605323217759671,WNT signaling
KIN001-236,-0.011640770626412607,0.04022319519690633,0.03356935154606902,RTK signaling
KIN001-244,-0.026296928591830037,0.018844478254939637,0.002856618483037679,Metabolism
KIN001-260,-0.10181782060687686,0.051394780998074346,0.10312563961505573,"Other, kinases"
KIN001-266,0.025431628703832143,-0.04355300140112278,-0.06792913563429726,ERK MAPK signaling
KIN001-270,-0.008096186667420159,0.020732421907870266,-0.0005878343947840996,Cell cycle
KIT_5808,-0.1324884166680547,0.07628368994241345,0.1022708035063924,RTK signaling
KIT_6754,-0.06533048999892421,0.06712009881483977,0.13501332640864425,RTK signaling
KIT_7208,-0.15017787945920255,0.08221888858725461,0.17415757713477756,RTK signaling
KRAS (G12C) Inhibitor-12,-0.03875719442005658,0.10736025753585018,0.2832504145936982,ERK MAPK signaling
KRASi,-0.2623779265093727,0.01768459095211361,0.23921959720201721,ERK MAPK signaling
KU-55933,0.04082094995728722,-0.061651522337887024,-0.024386095897930216,Genome integrity
KU-60019,0.14041278264278453,-0.15037263802320983,-0.31218728892889147,Genome integrity
Kobe0065,-0.07370084919047759,0.03223302838613316,0.07940561851936995,ERK MAPK signaling
Kobe2602,0.16109581754263363,-0.043229084662753534,-0.11340558331680717,RTK signaling
LCL161,0.18285620697427807,-0.13590143309983943,-0.2819321815399243,Apoptosis regulation
LDN-193189,0.28610151116660826,-0.09756092236372688,-0.30487452757585926,Other
LFM-A13,0.23666244318263321,-0.14630746216291085,-0.28333451477674115,"Other, kinases"
LGK974,-0.029075213556368162,-0.009018175531635232,0.001363211221903302,WNT signaling
LIMK1 inhibitor BMS4,0.16818456285646952,-0.09021920029196817,-0.2005346243329321,Cytoskeleton
LJI308,-0.07116821000364908,0.011519446451105524,-0.014646782077980916,PI3K/MTOR signaling
LLY-283,0.014528483386841035,-0.014541670034625472,0.044744932559716684,Chromatin histone methylation
LLY-507,-0.10542311816612991,-0.05589906936843582,0.02986246528954636,Chromatin histone methylation
LTT462,-0.14297919777482127,0.04631156173528238,0.08656826508952674,ERK MAPK signaling
LY2109761,0.06467491659950418,-0.17334550759531117,-0.14197467889533874,Other
LY2584702,-0.022361857320009646,0.025205161734591874,0.041764511060990606,RTK signaling
Lapatinib,0.049156368953891395,0.028611755395317646,0.01140262138897959,RTK signaling
Lasalocid,0.2602327781111371,-0.12967282353068413,-0.2817093404070815,Other
Latamoxef,0.2653097932213792,-0.1574467726050867,-0.31722032766442804,Other
Leflunomide,0.09162032972392939,0.01771046727148571,0.026446200370695547,DNA replication
Lenalidomide,0.06904878673968527,-0.031977868513928205,-0.07555764985105252,Protein stability and degradation
Lestaurtinib,-0.07965159735027624,0.03843726405468033,0.03143703073832111,"Other, kinases"
Linifanib,0.2132263082354809,-0.09661392528010843,-0.22205410111287882,RTK signaling
Linsitinib,0.03749121135024707,0.019101417007238566,-0.026796683227670762,IGF1R signaling
Luminespib,0.006566620464484121,-0.12400285341261913,-0.05608303090359026,Protein stability and degradation
MCL1_1284,-0.18271661987976168,0.07676841132202968,0.18190309026142074,Apoptosis regulation
MCL1_8070,-0.22380981626924165,0.016694710023920683,0.17553800360239774,Apoptosis regulation
MCT1_6447,0.033827708258872484,-0.08092735612492316,-0.08485527522877331,Cell cycle
MCT4_1422,0.12272587457812069,-0.09146959562113782,-0.18455428160061804,Other
MG-132,0.060619588814943726,-0.17956964542873424,-0.266496295553304,Protein stability and degradation
MIK-665 / S-64315,-0.1792449777219283,0.04897311973185123,0.1797100293757678,Apoptosis regulation
MIM1,0.04668219955282184,-0.014145459215165407,-0.003094017917893688,Apoptosis regulation
MIRA-1,-0.09302727966807381,0.08977622701872054,0.17947244929926875,p53 pathway
MK-1775,-0.12443179650770977,0.16565731874862813,0.27840683205839095,Cell cycle
MK-2206,-0.013076734445133567,-0.0510169815502043,-0.03412221801793618,PI3K/MTOR signaling
MK-5108,-0.09328996060848568,0.10579698703299231,0.22407117090800985,Mitosis
MK-8776,-0.10964291276666961,0.07744637515201416,0.1866502701317466,Cell cycle
ML216,-0.10172780456756117,0.07502979921025815,0.11593050335443844,Genome integrity
ML323,-0.2796069776431128,-0.0960236411925336,0.07050711355503186,Protein stability and degradation
MN-64,0.06485708711345235,-0.2085552629011804,-0.23441615452151013,WNT signaling
MPS-1-IN-1,-0.0660816472482203,0.0518190820604384,0.08750685287722776,Mitosis
MS023,-0.03355647660264372,0.0847723308223384,0.1304677845739258,Chromatin histone methylation
MZ1,-0.1220678902983488,0.007110782243517961,0.1313389830801433,Chromatin other
Masitinib,0.001804660979664904,0.011900816571962746,0.0012331624822449387,RTK signaling
Mcl1_6386,-0.16458189697626316,0.027218815284048785,0.13368669877194708,Apoptosis regulation
Mcl1_7350,-0.20144134403131284,0.09261905602615121,0.24744875904281585,Apoptosis regulation
Menin_MLL_8687,-0.04920322381620462,0.0343755662415666,0.07947766701438008,Other
Menin_MLL_8690,-0.15061601899913427,0.050677072427589544,0.16289335744066943,Other
Merestinib,0.011754470952250948,-0.007044703284807848,-0.06620262931780611,RTK signaling
"MetAP2 Inhibitor, A832234",0.11281475486519173,-0.04126046175777316,-0.1549972634588332,Other
Methotrexate,-0.21388871261182632,0.11693427959436314,0.27009751583029684,DNA replication
Midostaurin,0.10894743479290947,-0.09401538705646668,-0.17113376649961107,Other
Mirin,0.02354218931569527,-0.0009991235975391317,0.07215846097302658,Genome integrity
Mitomycin-C,0.038850461484353456,-0.03168000710953139,-0.013760474304215963,DNA replication
Motesanib,0.08560837928061148,-0.08546316471375331,-0.15038225934686975,RTK signaling
Mycophenolic acid,-0.07152472929470297,0.13422592917764123,0.19407374890254608,Unclassified
NG-25,-0.08425776660503993,0.06925791201116509,0.1129486862932703,"Other, kinases"
NPK76-II-72-1,-0.11790879565713436,0.1650068276684232,0.32154320784567053,Cell cycle
NSC-207895,-0.038121946633775564,0.016429716784750605,0.019356155278071066,p53 pathway
NSC-624206,-0.1573992781192079,0.18788410886742757,0.21502292459272265,Protein stability and degradation
NSC-87877,0.13670734008154053,-0.12349776245619364,-0.20034489294194052,Other
NSC319726,-0.03146954360280493,0.1711037662727578,0.15681187761529156,p53 pathway
NSC617145,-0.09885204014100389,0.09089806866157474,0.13272008564430715,Genome integrity
NSC635973,-0.02236854940981368,0.02931909082040777,0.013403570383377233,ERK MAPK signaling
NU7441,-0.03388282793350938,-0.08634556515363646,-0.08941787755458476,Genome integrity
NVP-ADW742,-0.09888394531814164,-0.0028677583079640377,0.03863239105539148,IGF1R signaling
NVP-BHG712,-0.0888285806172098,0.04880326666177593,0.02915283820240148,RTK signaling
NVP-TAE684,0.21445981936081523,-0.13274664196387218,-0.27899924733673,RTK signaling
NVS-PAK1-1,0.2744345340050049,-0.17384503704241538,-0.21936350225672763,Cytoskeleton
Navitoclax,0.09778023393799692,0.21713500124386795,0.21241388757270285,Apoptosis regulation
Nazartinib,-0.06891108367934763,0.028456713924113773,0.11485180613224606,EGFR signaling
Nilotinib,-0.12542326683213362,0.00365876190951928,0.04239792533021298,ABL signaling
Niraparib,0.045576041361818365,0.1566871524729295,0.2708028485025851,Genome integrity
Novobiocin-sodium,0.22929608220298492,-0.16108302832556623,-0.2776147014996988,Other
Nutlin-3a (-),-0.05643639469544888,-0.04719702452809998,-0.06374770349689911,p53 pathway
OF-1,0.10232660228270413,-0.12821188176763243,-0.09268364062042729,Chromatin histone acetylation
OICR-9429,0.020551515769569147,0.023433285200150276,0.061983126811638034,Chromatin other
OSI-027,-0.07527915740077518,-0.022435605625823734,0.0055313046630001425,PI3K/MTOR signaling
OSI-930,-0.02303095599913485,0.0642156486081869,0.04856191948496817,RTK signaling
OSU-03012,0.03570250354097813,-0.03251096503913557,-0.06297744417654408,Metabolism
OTX015,-0.19937567066627646,0.010706272558774757,0.10343868890839919,Chromatin other
Obatoclax Mesylate,-0.08931566429277409,-0.057169027320556606,-0.04783513895665171,Apoptosis regulation
Olaparib,0.11112341260853997,-0.0072113515922465725,0.053938718652851145,Genome integrity
Olaparib(1495) + Temozolomide(1375),0.11885557375379388,-0.07278358788839633,-0.0713796398941649,Other
Olmutinib,-0.10018919856876524,0.06342410241981425,0.07497613844724085,EGFR signaling
Omipalisib,0.034337541832382086,0.010020820607349604,0.006521186897773262,PI3K/MTOR signaling
Osimertinib,0.07237968963508838,0.050478833857054796,-0.025480922022345087,EGFR signaling
Oxaliplatin,-0.24849478006266332,0.19496467346427382,0.33344190683378705,DNA replication
P22077,-0.12970461574272724,0.12644667232040294,0.20456401608758312,Protein stability and degradation
P5091,-0.17323066186307423,0.09545358819016042,0.28196184541454566,Protein stability and degradation
PAC-1,0.054182118870973524,0.05243538862510684,0.10515252207585364,Apoptosis regulation
PARP_0108,0.03470614534471284,-0.07293045982354379,-0.030194342806500605,Genome integrity
PARP_9482,0.07890414807983333,-0.07068417103891678,-0.03863437761162253,Genome integrity
PARP_9495,0.23030727478488516,-0.16177097304830085,-0.27345988031967655,Genome integrity
PCI-34051,-0.19302019315188765,0.14907813871817385,0.27762169544434695,Chromatin histone acetylation
PD0166285,-0.0418917260535372,-0.0551361960802158,-0.06538230856052447,Cell cycle
PD0325901,0.026200204873997223,-0.12273677887568855,-0.3645824763471822,ERK MAPK signaling
PD173074,0.028861856968721043,-0.05670532844278614,-0.0018635106334141066,RTK signaling
PDD00017273,-4.079156375151023e-05,0.0407098095375261,0.07479928303641338,Genome integrity
PDGFR_0615,-0.09934449958783094,0.11315443625754211,0.12795556727702007,RTK signaling
PDGFR_5313,-0.18940986909756033,0.14423577324359782,0.29665059151533424,RTK signaling
PF-00299804,0.2047126068418802,-0.055869491153419874,-0.13106102083994361,RTK signaling
PF-06747775,0.0664475809793218,0.14803550580268235,0.07715407027855224,EGFR signaling
PF-3644022,-0.052597979522972606,-0.0045019684107399215,0.04075176829806941,ERK MAPK signaling
PF-3758309,-0.2207202130840669,0.0886961602648756,0.26788027330347713,Cytoskeleton
PF-4708671,0.13384962230945957,-0.08181312421543561,-0.1468119638556434,PI3K/MTOR signaling
PF-477736,0.13547458784508828,-0.011642766559360062,0.06245244366403278,Other
PF-562271,0.07822118798373014,-0.08610218707344701,-0.14435839463260236,Cytoskeleton
PF-CBP1,-0.14849944084445452,0.08751285917373149,0.13090030092420546,Chromatin other
PFI-1,-0.044342655482811515,-0.10498568513386929,-0.15944792770137212,Chromatin other
PFI-3,0.21797778652755767,-0.11188293404870762,-0.19041533266130078,Chromatin other
PFI3,0.03726953467954346,0.05667739732709004,0.2447175885279485,Chromatin other
PHA-665752,0.007216063846831692,-0.1622106994577514,-0.12768660020485,RTK signaling
PHA-793887,-0.08345639186530525,0.08020831035065709,0.23335700092335562,Cell cycle
PI-103,-0.08230773961153375,0.017361719545802172,0.11165731897572598,"Other, kinases"
PI3Ka_4409,0.1906228073355692,-0.0648084571449317,-0.13223965598873844,PI3K/MTOR signaling
PIK-93,-0.06552570609474365,0.06645232806538984,0.11202417780499772,PI3K/MTOR signaling
PIM447,-0.04954150814554679,-0.0057311481806653014,0.09245439469320066,"Other, kinases"
PLK4_0066,-0.1270683496454101,0.15266211343085243,0.2544570035505028,Cell cycle
PLK_6522,-0.030169146010654336,-0.09439430717677011,0.009688185450066182,Cell cycle
PLX-4720,0.08198820470007843,-0.15016416880972622,-0.2320602423729228,ERK MAPK signaling
PLX7904,-0.11362071497221135,-0.053946065773320506,-0.10710699916973036,ERK MAPK signaling
PRIMA-1,-0.1504731245732124,0.12131499365915523,0.12278802068090919,p53 pathway
PRIMA-1MET,-0.16127694859038144,0.13249926836406206,0.10642376353526486,p53 pathway
PRT062607,-0.13349917081260368,-0.006492049556140866,0.025690176568139697,"Other, kinases"
Paclitaxel,-0.11169707452415302,0.009705068994329318,0.09933335529414367,Mitosis
Paclitaxel (0.001),0.1893968615689544,-0.09753169199276221,-0.20441521249108727,Mitosis
Paclitaxel (0.005),0.2537603908816759,-0.15555645782120767,-0.2668120526752778,Mitosis
Palbociclib,-0.15731141358691975,0.04855433401767499,0.049980264764523476,Cell cycle
Panobinostat,-0.010376578504043537,0.15198617231643644,0.22595564478093041,Chromatin histone acetylation
Parthenolide,-0.0120548170550385,-0.019942993805875248,-0.04109570840161212,Chromatin histone acetylation
Pazopanib,0.1037989496908609,-0.10806706863039527,-0.14696355899161442,RTK signaling
Pelitinib,0.05922262094856377,0.061687759299899295,0.05094657492168028,EGFR signaling
Pemetrexed,-0.13383986349156643,0.19060076903882453,0.19723318558981437,DNA replication
Pevonedistat,-0.10403570609767845,0.016137909053044294,0.11392331783388625,Other
Pexidartinib,-0.023745865813724024,0.03903726117079531,0.05096623161637505,RTK signaling
Phenergan,0.007252950931616429,0.018017754365427765,0.17706565213149938,Other
Phenformin,-0.09218041722029884,0.05375888101095403,0.019127760365745476,Other
Picolinici-acid,0.02403271861245153,-0.03672614371750271,0.15742091547276152,Other
Picrotin,0.19050323905662767,-0.14051280085298637,-0.2246105992003663,Other
Pictilisib,0.10623698639646785,-0.08978155067903058,-0.20344686251789623,PI3K/MTOR signaling
Pilaralisib,0.04066154950974202,-0.09019535168021212,-0.16945433809080795,PI3K/MTOR signaling
Piperlongumine,0.1722038680043999,-0.16410900018980742,-0.2762417424868444,Other
Ponatinib,0.02856273900938938,0.005438176352030836,-0.012018854716834377,"Other, kinases"
Poziotinib,0.1899817292515927,0.04300210263284135,-0.03366295510781195,RTK signaling
Prexasertib,-0.13735184645410506,0.0927250855358402,0.22834775367652868,Cell cycle
Pyridostatin,-0.06656025303748656,0.059210290969286955,0.14602903271231166,DNA replication
Pyrimethamine,0.003235090027079717,-0.1217737608393611,-0.06814695113220283,Other
QL-VIII-58,0.22456290227821762,-0.14070973136751455,-0.2357247219373093,Other
QL-X-138,0.03806178380785877,0.055703945077160526,0.10698240176027485,"Other, kinases"
QL-XI-92,0.05709611341318161,0.07745865017099077,0.0940112733587023,Cytoskeleton
QL-XII-47,0.0058165025544614,0.020052742253047352,-0.0055021296358160835,"Other, kinases"
QL-XII-61,0.1234570877712975,0.06723530501455498,0.006208943259103774,"Other, kinases"
QS11,-0.10159550614087769,-0.0021143126534216516,0.023574035828115233,Other
Quercetin,-0.10693103111891525,0.08385523363574286,0.20889669300556046,PI3K/MTOR signaling
Quizartinib,0.058425457043340207,-0.034368641488811955,-0.07960690150060612,RTK signaling
R428,-0.11324362703186923,0.11731720164062806,0.21450461230349424,RTK signaling
RAF_7242,-0.04700145126908064,-0.03285713888769276,-0.1354001833571949,ERK MAPK signaling
RAF_9304,0.03550307598178495,-0.07699738846063507,-0.23843297689908055,ERK MAPK signaling
RGFP966,-0.03809897485269233,0.20838544088530853,0.3726753561915889,Chromatin histone acetylation
RI-1,-0.026524241537410988,0.08181640815530193,0.1998585503853283,Genome integrity
RK-33,0.08088694943879952,-0.21253335688491704,-0.2542473785499739,Other
RO-3306,-0.03477505407598064,0.014820133193153714,0.08669988000873484,Cell cycle
RU-SKI 43,0.04965072943430705,0.07295941511683501,0.03308941903865999,Other
RVX-208,-0.026451077943615262,-0.059155204370305345,-0.1292605599453712,Chromatin other
Rapamycin,-0.08092238690889213,-0.11824815840575037,-0.06632148426273952,PI3K/MTOR signaling
Ravoxertinib,-0.13068872883611868,0.07390313549166562,0.09605171235763546,ERK MAPK signaling
Refametinib,0.08587253073208168,-0.14117387740229514,-0.4045347796179193,ERK MAPK signaling
Regorafenib,-0.2243807142520284,0.06605308012622926,0.1838596281797109,RTK signaling
Ribociclib,-0.14570264465762042,0.0828210886998751,0.1985972337137879,Cell cycle
Rigosertib,-0.1423008139535949,0.03820641801631256,0.18830670790844983,Cell cycle
Rociletinib,-0.040806180806905096,0.0774581388069557,0.147550827412914,EGFR signaling
Romidepsin,0.16393392768390272,-0.05969267787171162,-0.07581757505839921,Chromatin histone acetylation
Rucaparib,0.19202454965283605,-0.030073691710461457,-0.06680759097866176,Genome integrity
Ruxolitinib,0.11933721506555299,-0.043358812461563354,-0.10178778611894729,"Other, kinases"
S-Trityl-L-cysteine,0.07556365016125972,0.008757351546196168,-0.07570252324037184,Mitosis
S-crizotinib,-0.13360221428240646,-0.04043178257296849,0.0689649303291489,DNA replication
S63845,-0.16612381622363456,0.0939079741417773,0.1801998440932606,Apoptosis regulation
SB216763,0.07599102620931372,-0.01616124559304365,-0.07238351822743067,WNT signaling
SB505124,0.027188794648516656,0.027269127841700123,0.03593398057018165,RTK signaling
SB52334,-0.03196786677342073,-0.019995230519631178,0.00864904191957816,"Other, kinases"
SB590885,-0.06493638417466029,-0.007762932682579078,-0.001434667963832224,ERK MAPK signaling
SCH772984,-0.01230119406008109,-0.026860680619188157,-0.21557979023919935,ERK MAPK signaling
SF1670,0.06072578285045362,-0.08836211101355966,-0.04954150814554679,PI3K/MTOR signaling
SGC0946,0.1515448510860878,-0.03478977972427341,-0.15689817978408027,Chromatin histone methylation
SGC707,0.0014598540145985403,0.12927106379865677,0.13274681056639775,Chromatin histone methylation
SGX-523,0.031057917525082124,0.020366657643238025,0.010465348599018086,RTK signaling
SL0101,0.11407394309799648,-0.03371774071046187,-0.07532648630176648,"Other, kinases"
SMG1_1789,-0.2391661260270205,0.021524280808928764,0.10186568953137196,"Other, kinases"
SN-38,-0.009163050538794185,0.023140180059857313,0.12560779703754704,DNA replication
SNX-2112,-0.07841368970476854,0.0963743711638262,0.20216067540300162,Protein stability and degradation
STAT3_2372,-0.11165817601617399,0.06284098940570754,0.09126850007208558,Other
STF-62247,0.01481257431739066,0.017490031999918887,-0.04117665211708969,Other
SU11274,-0.015564716945346772,0.01599738225722858,0.019695131659717355,RTK signaling
SYK_1543,-0.012218189302576333,0.06054780816098621,0.10876106073427019,"Other, kinases"
SYK_9721,-0.0312892745074519,-0.004191673337951977,0.06391442600608532,"Other, kinases"
SZL-P1-41,0.07950931616427666,-0.013974246414983906,0.19536630572627062,Protein stability and degradation
Sabutoclax,0.031626182811433035,-0.04559067408057751,-0.02076870549214711,Apoptosis regulation
Salubrinal,0.024929547103131076,-0.005194081799314273,-0.07417340774879588,Other
Salvinorin A,0.137412627028996,0.028695819757277592,-0.036557666425589094,Other
Sapanisertib,-0.12026816927901042,-0.1119497009142482,-0.0993800548103647,PI3K/MTOR signaling
Sapatinib,0.16148311803497922,0.07677924451238488,-0.05112332841213594,EGFR signaling
Saracatinib,0.1571208987041605,0.03573075321156273,-0.04728157960382602,"Other, kinases"
Savolitinib,-0.035643623490792725,0.011795295159261034,0.0701101637799245,RTK signaling
Seliciclib,-0.029845736913916936,0.000432171267442953,0.015209279173148241,Cell cycle
Selinexor,-0.06185250219490781,0.022051507170032195,0.05024387864598576,Other
Selisistat,0.07264661424134689,-0.08559308364922324,-0.22216216614444587,Chromatin histone acetylation
Selumetinib,0.11922810395798496,-0.13760059159717591,-0.4076557548548308,ERK MAPK signaling
Senexin B,-0.05117587129981294,0.053009658790476206,0.09224047565255586,Cell cycle
Sepantronium bromide,0.0032619687286253455,-0.08663345321369366,-0.0770595598183803,Apoptosis regulation
Serabelisib,-0.037794412718995175,0.02504759568296362,0.053020152141501575,PI3K/MTOR signaling
Serdemetan,0.09131196328927528,-0.1842213303150466,-0.20609705237237946,p53 pathway
Shikonin,0.08964317454005531,-0.08829110682548072,-0.1693488166380383,Other
Skepinone-L,-0.06516586697821362,0.08841854466503608,0.21828626249427058,JNK and p38 signaling
Sonolisib,-0.00999048986202065,-0.07844155853862798,-0.09045838083404549,PI3K/MTOR signaling
Sorafenib,-0.19879299529605307,0.01489928688386054,0.05620235730020503,RTK signaling
Sphingosine Kinase 1 Inhibitor II,0.20456220019177068,-0.09689275516407689,-0.18538199665002458,"Other, kinases"
Staurosporine,0.13193565115767247,-0.06362245272856729,-0.09924288041011824,RTK signaling
Sunitinib,-0.07362636962648247,-0.011831270840281852,-0.013950466407809045,RTK signaling
T0901317,-0.07185900556735748,0.09251716799927891,0.06906938303357116,Other
TAK-715,-0.12975216128896344,0.06257499353697887,0.12504031630224438,JNK and p38 signaling
TANK_1366,0.27269964293415955,-0.09963009275022883,-0.3309046942277837,Genome integrity
TGX221,0.18799067236688688,-0.12119937815779248,-0.2519269335406141,PI3K/MTOR signaling
THZ-2-102-1,-0.12583768536506393,0.06716488318300129,0.16284932016945394,Cell cycle
THZ-2-49,-0.045667462048582526,0.030173105173213775,0.002248031922086234,Cell cycle
THZ1,-0.23967774782180018,0.015320930921008492,0.2025783623529508,Cell cycle
TL-1-85,-0.08445084414439119,0.054909646540942735,0.07481680762304525,"Other, kinases"
TL-2-105,-0.08779428681571545,0.07612045184223276,0.1575222601846448,Other
TPCA-1,-0.06814072283927874,0.13177905354920671,0.1922414914396321,"Other, kinases"
TTK_3146,0.08334898057607912,-0.07788443644339167,-0.15727619460100628,Mitosis
TW 37,-0.027724308795640123,-0.12718680596894452,-0.18772788518294095,Apoptosis regulation
TWS119,0.21710600156187831,-0.052927104533188024,-0.1597168932725654,WNT signaling
Talazoparib,-0.01585738752508433,0.012095766820355075,0.11635698679671948,Genome integrity
Tamoxifen,-0.012624962799142632,-0.05275277569147751,-0.05072302501557512,Hormone-related
Tanespimycin,0.0942323985096765,-0.15808897828145949,-0.2768089702947207,Protein stability and degradation
Taselisib,0.027110906788305272,-0.05376697051499915,-0.033484575017544704,PI3K/MTOR signaling
Telomerase Inhibitor IX,-0.131090635557225,-0.06270388694280934,0.04593735102821355,Genome integrity
Temozolomide,0.04612335149483262,-0.01825594615360625,-0.07077039782262123,DNA replication
Temsirolimus,0.02607470875555773,-0.15210624774206719,-0.1795916962344562,PI3K/MTOR signaling
Tenalisib,0.026866570386346336,0.05281889792308571,0.015605957852962602,PI3K/MTOR signaling
Tenovin-6,0.13105854550963222,-0.055742142146975496,-0.09349245471678794,Chromatin histone acetylation
Tepotinib,-0.03047372844737475,-0.023137097315897717,0.07522247773443047,RTK signaling
Thapsigargin,0.007233695570085041,-0.21101272661762832,-0.14481788007092256,Other
Tipifarnib,0.0056416834194930755,-0.08852459670098926,-0.1406518083249461,Other
Tirapazamine,-0.08274802458296752,0.21159399083016295,0.34932201736415963,Other
Tivozanib,0.11652719028502377,-0.021981069921447105,-0.07547580759829181,RTK signaling
Tofacitinib,0.024667954815824997,0.04275433695885386,0.062080054741260916,"Other, kinases"
Topotecan,0.011681787142717785,0.2633547946541801,0.3593649400058531,DNA replication
Torin 2,0.00039571477678146936,-0.03404492947778491,-0.018265593299788333,PI3K/MTOR signaling
Tozasertib,-0.06730916045228057,0.2136999006764308,0.23907887902365582,Mitosis
Trametinib,0.033315797194227045,-0.11142922328130667,-0.3527571672494446,ERK MAPK signaling
Tretinoin,0.025451423631656055,0.00024338338410015667,-0.04793871255384331,Other
Trichostatin A,0.0859869888616342,0.13059617316239508,0.10119053739852725,Chromatin histone acetylation
Tubacin,-0.17245532373118358,0.14019551172651654,0.40275291201639957,Chromatin histone acetylation
Tubastatin A,-0.09628801525809917,0.09272349670627617,0.17070172619088173,Chromatin histone acetylation
UMI-77,0.023295943426112686,-0.07030574851821185,-0.045190321983160905,Apoptosis regulation
UNC-2025,-0.08782074855930457,0.09316584516732009,0.21101188755209255,RTK signaling
UNC0379,-0.1432933372353917,0.2502828992293435,0.39388352355867723,Chromatin histone methylation
UNC0638,0.005344572490472067,0.010233090047867635,0.056707318767579167,Chromatin histone methylation
UNC0642,0.06723919038439044,-0.003860087679635765,-0.06153720450942561,Chromatin histone methylation
UNC1215,0.21044020182333475,-0.11675714969358787,-0.21300126913307793,Chromatin other
UNC1999,-0.1073700126816896,-0.1731099404936104,-0.15231684713686472,Chromatin histone methylation
UNC2025,-0.07295847729932192,0.11055992084362153,0.22353379390926642,RTK signaling
Ulixertinib,-0.12230938650924872,-0.01907331266091874,-0.11853745574272609,ERK MAPK signaling
Uprosertib,-0.13070187138022035,-0.069322585835993,0.05290422458588108,PI3K/MTOR signaling
VE-822,-0.29819042044678573,0.22361233050434107,0.3777875329236173,Genome integrity
VE821,-0.16794028772601424,0.08505661278048905,0.18587193240130154,Genome integrity
VER-155008,0.06756764700695427,-0.08971569113720827,-0.08625372889435856,Protein stability and degradation
VH298,0.1376084390140195,-0.024229844224184418,-0.04991625630238302,Protein stability and degradation
VNLG/124,0.058187163682553895,0.011345941597617232,-0.1272050089213364,Chromatin histone acetylation
VX-11e,-0.09458343669119483,-0.042266579550172795,-0.16122026918777657,ERK MAPK signaling
VX-702,0.09334013547749205,0.012499274272439645,-0.0941601243375847,JNK and p38 signaling
VX-745,-0.1348168095811778,0.11508484624021256,0.23536715000060499,JNK and p38 signaling
Veliparib,0.1456893601088057,-0.04909580856165807,-0.10687740162118195,Genome integrity
Venetoclax,-0.02925076462980652,0.09863052289149314,0.15653506693114014,Apoptosis regulation
Venotoclax,0.10949716030963402,0.04478158361575279,-0.051644416607675214,Apoptosis regulation
Verteporfin,-0.09706370110233149,-0.15888693785972102,0.0030679933665008294,Other
Vinblastine,-0.16868126410750386,-0.03407986824081917,0.07769915950910646,Mitosis
Vinorelbine,-0.15853233572026093,-0.0003744512822096841,0.13757453436012979,Mitosis
Vismodegib,0.032838879776454846,-0.028864681524041154,-0.04324658962308666,Other
Volasertib,-0.24171336233867638,0.15465859143767993,0.3946981161146895,Cell cycle
Vorinostat,-0.11713245188218636,0.16116494941680629,0.18629256231764274,Chromatin histone acetylation
Voxtalisib,0.09922358856171601,-0.08419341839455771,-0.19315295983899738,PI3K/MTOR signaling
WEHI-539,0.1492292696164243,0.06543029203050295,0.06654624089294693,Apoptosis regulation
WH-4-023,0.280386794664619,0.016461038092555672,-0.14913591941227097,"Other, kinases"
WHI-P97,0.14341041406392624,-0.05139348582870096,-0.1424277623492464,"Other, kinases"
WIKI4,0.16639155077293394,-0.08762202620886357,-0.2117058764455181,WNT signaling
WYE-125132,0.009635516535666426,-0.04508904402566973,-0.07009608159183073,PI3K/MTOR signaling
WZ-1-84,0.1761790931512047,0.000897742363877822,-0.22978106621134506,"Other, kinases"
WZ3105,0.0471336985584767,0.08503661573834664,0.12811993745177677,Other
WZ4003,0.01752024192761682,-0.037674373231879825,0.11277436347673397,"Other, kinases"
Wee1 Inhibitor,-0.07039760067007986,0.019424005075429563,0.0972706198182644,Cell cycle
Wnt-C59,0.12184935116214259,-0.07719681068447991,-0.15977579879984485,WNT signaling
XAV939,0.2372036886112233,-0.13779039427303502,-0.30768900371984265,WNT signaling
XL413,0.004371625581366351,0.04952430828314568,0.2321600019950374,Cell cycle
XMD11-85h,0.13140973384068566,-0.05259851266759705,-0.11743329712971345,"Other, kinases"
XMD13-2,-0.03728038404109607,0.12385158201916496,0.20869506349252043,Apoptosis regulation
XMD14-99,0.04221775757068703,0.042699990183342154,0.03328212722166879,"Other, kinases"
XMD15-27,0.09127739936193306,-0.023133305171816727,-0.036508555143003295,"Other, kinases"
XMD8-85,0.0777365698919486,-0.044647704045908065,-0.16646001532576693,Other
XMD8-92,0.14792335033147633,-0.030496639968846582,-0.1677727374200782,ERK MAPK signaling
Y-39983,-0.026734782606159718,0.10476922500501462,0.16112387661056454,Cytoskeleton
YK-4-279,-0.10143647377650378,-0.02695710406180082,0.05885890365718763,Other
YM201636,-0.062436619059737186,0.0409200380061005,0.08762019662296779,PI3K/MTOR signaling
Z-LLNle-CHO,0.07162511857332575,-0.102694744830203,-0.22710681085183076,Other
ZG-10,0.1446612620431383,-0.031707851814830795,-0.09130962623315968,JNK and p38 signaling
ZM447439,0.0013749313566398386,0.14065555116351858,0.15184733111121546,Mitosis
ZSTK474,-0.019499374154759632,0.013474408884617595,0.0038917666915045473,PI3K/MTOR signaling
Zibotentan,0.17396737052572847,-0.055176262434127724,-0.18923519800555177,Other
eCF309,-0.08050111398995076,-0.15553884426519213,-0.1900530808865597,PI3K/MTOR signaling
"eEF2K Inhibitor, A-484954",0.18190114574236182,-0.033110173250665155,-0.18157388247881023,"Other, kinases"
entospletinib,-0.02469822224882675,0.01148871223807693,0.050823176185409526,"Other, kinases"
kb NB 142-70,0.03471299641254763,-0.022037606576055795,0.01835208447542608,"Other, kinases"
rTRAIL,0.05732956721243736,-0.10551133405485313,-0.15260124634215425,Apoptosis regulation
