,dir,dep,lineage
ACH-001289,0.8699930760398966,-0.4374769075129284,CNS/Brain
ACH-001538,0.8517883339746729,-0.3051047997411665,Biliary Tract
ACH-000242,0.8624784136284626,-0.46583914983856495,Bladder/Urinary Tract
ACH-000233,0.846884751531526,-0.5031313524286141,Lymphoid
ACH-000461,0.8618484776389986,-0.5967342599112151,Biliary Tract
ACH-001794,0.8414827443991567,-0.21017614399126527,Soft Tissue
ACH-002023,0.8294395735392985,-0.41453442144834907,Ampulla of Vater
ACH-000528,0.8595569167724929,-0.6000229837951447,Lung
ACH-001655,0.8743332628173297,-0.33029187861989784,Uterus
ACH-000167,0.891718491744292,-0.47549788169613744,Lymphoid
ACH-000792,0.8519907797709885,-0.3125028115440913,Kidney
ACH-001098,0.8340113959720508,-0.39352831834234814,Pancreas
ACH-000570,0.8559094398748538,-0.40814524138697295,CNS/Brain
ACH-002040,0.8965957091535004,-0.3577004115986621,Vulva/Vagina
ACH-000769,0.8791527282474347,-0.5078510757356143,Lung
ACH-000421,0.8376438071360105,-0.3296394210770342,Bowel
ACH-000765,0.862834655456087,-0.39229750186218054,Skin
ACH-001375,0.8636632708084458,-0.29313087243651376,Pancreas
ACH-001814,0.8546684000630251,-0.28907417982051103,Bone
ACH-000800,0.8714820727185302,-0.44640141897045527,Lung
ACH-000606,0.8613616661194877,-0.5170142047657218,Head and Neck
ACH-000317,0.8510008355204801,-0.5081462714433909,Kidney
ACH-000123,0.8862449223769457,-0.5776827873143887,Ovary/Fallopian Tube
ACH-002066,0.8622979386937635,-0.3778087634853017,Peripheral Nervous System
ACH-001536,0.8733386105250469,-0.36003200864085444,Biliary Tract
ACH-000313,0.8236634340205611,-0.23061059891040403,Kidney
ACH-002019,0.8470307008265439,-0.328806905345186,Cervix
ACH-000700,0.8739996195902247,-0.37457550001811385,Lung
ACH-000823,0.8674240545781311,-0.5193187385103284,Esophagus/Stomach
ACH-002029,0.8715448466088604,-0.5787600557688032,Head and Neck
ACH-001377,0.8693621984420775,-0.46736471014877284,Pancreas
ACH-000754,0.8760689608849613,-0.45923649770517844,Lymphoid
ACH-000138,0.833982206113047,-0.47996093057528905,Pancreas
ACH-001864,0.8530507169092144,-0.4068139670787052,Biliary Tract
ACH-000383,0.8509697624447669,-0.38287689667467034,Esophagus/Stomach
ACH-001547,0.8743561752873007,-0.23402707373467596,Pleura
ACH-000917,0.8711239476741959,-0.49820230222096473,Esophagus/Stomach
ACH-002471,0.8565290181724133,-0.34077005930633897,Bone
ACH-000984,0.8617483532839219,-0.31765016418140485,Uterus
ACH-001409,0.8447498115213944,-0.2868327266165185,Bladder/Urinary Tract
ACH-001707,0.868080355601534,-0.4408348940669366,Lymphoid
ACH-000633,0.8590512730858828,-0.630923314446844,Esophagus/Stomach
ACH-000520,0.8655781883329702,-0.31162820865098895,Ovary/Fallopian Tube
ACH-000176,0.8476584397298461,-0.1930438455115637,Lung
ACH-000017,0.876422064018069,-0.3103322638471583,Breast
ACH-001385,0.8714120798308118,-0.7148032144107477,Head and Neck
ACH-000587,0.8757783177727321,-0.41398084879991975,Lung
ACH-000785,0.8416610222476945,-0.32155815284062456,Lung
ACH-000554,0.8684930939304555,-0.448409994505192,Breast
ACH-001398,0.8761059974802562,-0.4890537026624169,Kidney
ACH-001991,0.8733222893135612,-0.7042223404402379,Ovary/Fallopian Tube
ACH-001332,0.8868211866901775,-0.4279108842811346,Head and Neck
ACH-000585,0.8571489103394248,-0.3188062458328687,Lung
ACH-000550,0.8532723087420803,-0.25445374365883355,Skin
ACH-000627,0.8508162802829092,-0.38347218212847745,Lung
ACH-000704,0.8815660704611809,-0.3265265033300906,Ovary/Fallopian Tube
ACH-000276,0.8260541776337884,-0.35444439488436785,Breast
ACH-000075,0.8598742387881123,-0.2877238563397693,CNS/Brain
ACH-001616,0.8724616592771336,-0.6073834458660794,Lymphoid
ACH-000941,0.8640512134506868,-0.37144355200087514,Uterus
ACH-000269,0.8781235503154702,-0.35455593367904137,CNS/Brain
ACH-001670,0.8928813780626595,-0.3973150858536041,CNS/Brain
ACH-000856,0.8552440366373535,-0.6617704132228758,Breast
ACH-002687,0.8724475351518094,-0.4807979195595224,Eye
ACH-001119,0.8685731306406265,-0.3295147082068605,Lymphoid
ACH-000376,0.8626893338999723,-0.6375069594895272,CNS/Brain
ACH-000685,0.8710388890527986,-0.42423085856112647,Pancreas
ACH-001283,0.8747095922898599,-0.4454480683259674,Bone
ACH-000880,0.8467378606281531,-0.5033413072140931,Esophagus/Stomach
ACH-000035,0.8503790601367592,-0.3272011622292051,Lung
ACH-000322,0.871828584593153,-0.5122127251022347,Skin
ACH-000552,0.8640060162496493,-0.46045580855268187,Bowel
ACH-002508,0.8511147701314296,-0.2712480703637973,Skin
ACH-000222,0.8291373172573587,-0.27420918444934095,Pancreas
ACH-000260,0.8608475479576829,-0.38489602484943064,Peripheral Nervous System
ACH-001652,0.8598092678116207,-0.39694828662081444,Cervix
ACH-000608,0.8332716056745088,-0.22293776182619526,Ovary/Fallopian Tube
ACH-000501,0.8432567345398895,-0.44057207892011013,Bowel
ACH-002033,0.8502651255258097,-0.432295831303435,Pleura
ACH-001184,0.8764157866290359,-0.4234424840289226,Soft Tissue
ACH-001688,0.850871835175852,-0.28586247254126784,Kidney
ACH-001838,0.8625141947459509,-0.19889406312218202,Biliary Tract
ACH-000638,0.8403578362844384,-0.46306020802649117,Lung
ACH-000798,0.8638534756961469,-0.38950466378964754,Bowel
ACH-000894,0.8789816693962849,-0.36768256604187577,Lung
ACH-001559,0.8561100024544591,-0.4286477228460363,Pleura
ACH-000344,0.8561960026842115,-0.37523405438450624,Esophagus/Stomach
ACH-000223,0.8458072377040073,-0.4148168478148901,Breast
ACH-001861,0.8644369590067665,-0.5822542709623636,Biliary Tract
ACH-000946,0.8659887295757301,-0.5323457017842055,Uterus
ACH-000596,0.8599084505583423,-0.34383489384761295,Lung
ACH-000632,0.8642257248658051,-0.41472460970483566,Skin
ACH-000978,0.8805381480070231,-0.3578536142018325,Uterus
ACH-000332,0.833482525946018,-0.29774778143647596,Pancreas
ACH-001841,0.8667646148602118,-0.3841026516076804,Biliary Tract
ACH-000887,0.8707887350998327,-0.40192350346972566,CNS/Brain
ACH-000368,0.8380920127129682,-0.3123829592611355,CNS/Brain
ACH-001611,0.8513922307266893,-0.4236137662358374,CNS/Brain
ACH-000406,0.8818698960903791,-0.6675703960085497,Myeloid
ACH-000441,0.872205855674038,-0.49393070521168064,Skin
ACH-000960,0.8815246396935629,-0.5414431711534481,Lymphoid
ACH-000098,0.852981979499303,-0.39882730285599577,CNS/Brain
ACH-001651,0.876154647245262,-0.3650603876077831,Cervix
ACH-001336,0.8462020854741846,-0.34389178541857485,Cervix
ACH-000971,0.8841567489151102,-0.34718787058008305,Bowel
ACH-001454,0.8493831523666697,-0.34886890519508545,Bowel
ACH-000926,0.878929880936762,-0.4153266187112171,Bowel
ACH-000576,0.8805582356519288,-0.2978607170726968,Lymphoid
ACH-000019,0.8645458717064893,-0.522213076857841,Breast
ACH-001577,0.8425831706966459,-0.507952351482885,Myeloid
ACH-000330,0.8636143071739885,-0.40234541537636087,Breast
ACH-000848,0.8724870827027174,-0.5960321079284996,Liver
ACH-000481,0.8844266766435304,-0.3254267752713129,Lung
ACH-001517,0.8823096271921426,-0.266861180912821,Uterus
ACH-000338,0.8396450387597386,-0.41430918649615966,Lymphoid
ACH-001959,0.8811991570722006,-0.5703994197965238,Biliary Tract
ACH-001414,0.8649984714557706,-0.3101025386987918,Bladder/Urinary Tract
ACH-000871,0.8526916502565254,-0.5650863732737558,Lung
ACH-001403,0.8418079131510673,-0.2522152161906652,Ovary/Fallopian Tube
ACH-000805,0.8828253147012056,-0.42394741298788186,Skin
ACH-001554,0.868301633564948,-0.5114358783738837,Eye
ACH-000847,0.887322122335013,-0.673287039562613,Esophagus/Stomach
ACH-000832,0.851296186674484,-0.5585497672575932,Head and Neck
ACH-001975,0.8748495780652962,-0.45180354670574097,Skin
ACH-001382,0.8589621341616139,-0.29567672813364454,Pancreas
ACH-001302,0.8651011067664601,-0.39521827677044025,Peripheral Nervous System
ACH-001134,0.8863403386902478,-0.45698024287990985,Lymphoid
ACH-000914,0.8758021718510579,-0.6936595228670072,Lymphoid
ACH-000858,0.8634758907458102,-0.5176639297563531,Lung
ACH-001421,0.8490561003980492,-0.3274911049243604,Eye
ACH-000544,0.8820431520276906,-0.4333277505929034,Esophagus/Stomach
ACH-000725,0.8504026003456328,-0.40307006488529096,Breast
ACH-000760,0.872436863590453,-0.42206294592875276,CNS/Brain
ACH-001745,0.8774465339082582,-0.4294491688925029,Soft Tissue
ACH-000787,0.8470922192390674,-0.4895423160786096,Lung
ACH-000749,0.8949092885897781,-0.5782423227427547,Lung
ACH-001691,0.8383271009322549,-0.33808230486624813,Head and Neck
ACH-001328,0.8588299951224685,-0.4664306980197523,Skin
ACH-001654,0.8472099202834367,-0.39188690102017587,Esophagus/Stomach
ACH-001521,0.8688681679251785,-0.28192409628025705,Skin
ACH-000209,0.839809192482952,-0.3940411230629821,Biliary Tract
ACH-001520,0.8822239408318419,-0.566208463354856,Lymphoid
ACH-000213,0.8468951092234304,-0.46164288764441563,Pancreas
ACH-001610,0.854336326183178,-0.326213497039886,CNS/Brain
ACH-001408,0.8294289019779424,-0.3202894511008839,Bladder/Urinary Tract
ACH-000991,0.8505027247007098,-0.3545730345536858,Bowel
ACH-001412,0.8251474087879681,-0.2834618411103568,Bladder/Urinary Tract
ACH-000331,0.8603654444799465,-0.3903081366984142,Pleura
ACH-001407,0.8608403289602948,-0.3517137882993162,Bladder/Urinary Tract
ACH-000580,0.861756200020213,-0.3344895372082219,Skin
ACH-000684,0.8729760913083898,-0.2874775764353469,Kidney
ACH-000732,0.8386632551149735,-0.32947721469599006,Head and Neck
ACH-001481,0.8699268495855982,-0.33698449519022744,Peripheral Nervous System
ACH-000310,0.8687394814500016,-0.34984283217528717,Peripheral Nervous System
ACH-000234,0.840129653193088,-0.2688216145312108,Kidney
ACH-001498,0.8724798637053295,-0.5595617983287473,Lymphoid
ACH-000896,0.8572449543916298,-0.4096085210502507,Bladder/Urinary Tract
ACH-000203,0.8204114326320027,-0.34548834025995634,Peripheral Nervous System
ACH-001607,0.8562339808878613,-0.49932641500967145,Biliary Tract
ACH-002706,0.8529634612016553,-0.5683392738282717,Esophagus/Stomach
ACH-000677,0.8637348330434226,-0.5673477632531625,Lung
ACH-000055,0.8746782053446945,-0.4179107550523269,CNS/Brain
ACH-000485,0.8607810076339328,-0.45907213617442705,Esophagus/Stomach
ACH-000672,0.8488056325756317,-0.363652725544347,Lung
ACH-000784,0.8763332389632514,-0.4755140474431723,Esophagus/Stomach
ACH-002024,0.8574668600939472,-0.47902789141417534,Bowel
ACH-001737,0.8713395759874806,-0.4273858632207353,Lymphoid
ACH-001400,0.8403798071460539,-0.4787698970691999,Vulva/Vagina
ACH-001054,0.8837804194425805,-0.46890497863695446,CNS/Brain
ACH-001695,0.8578573136918015,-0.39878744936776395,Head and Neck
ACH-000009,0.8708499396429044,-0.3949510894064547,Bowel
ACH-000491,0.8520786632174507,-0.48137390983349165,Bowel
ACH-001568,0.8821263274323784,-0.42417098901172934,Skin
ACH-000993,0.8438185608583451,-0.3428860089516264,Uterus
ACH-002680,0.8428455655582262,-0.3323344764416427,CNS/Brain
ACH-000711,0.8594385879892207,-0.4253265307500096,Breast
ACH-001515,0.8538987921675761,-0.4012336132273805,Cervix
ACH-002847,0.8459409460904108,-0.3612444761067633,Skin
ACH-000702,0.8635810370121138,-0.3680679320702959,Lymphoid
ACH-001020,0.8912797022508835,-0.3730999867777236,CNS/Brain
ACH-000354,0.8543626912171166,-0.4107758685648781,Pancreas
ACH-000012,0.8751863599869179,-0.504329669775496,Lung
ACH-002533,0.8468737661007181,-0.3897958996895827,Kidney
ACH-000459,0.8269769538216429,-0.165483721569522,Kidney
ACH-001413,0.8524041458388129,-0.3614003580060994,Bladder/Urinary Tract
ACH-000208,0.8455520618398149,-0.3338674443976643,CNS/Brain
ACH-000249,0.8502164757608037,-0.4948868527598589,Bowel
ACH-001368,0.8906221457496739,-0.46518930029016986,Esophagus/Stomach
ACH-000231,0.8316394845259222,-0.24248693087978843,CNS/Brain
ACH-000945,0.8485294274581783,-0.33605075669859924,Lung
ACH-000662,0.8842025738550512,-0.44519115010288113,Lung
ACH-002458,0.8480809080117688,-0.4476271129582204,Skin
ACH-001029,0.8650866687716846,-0.6077243375837996,Bone
ACH-000248,0.8735580052717514,-0.4493273499677174,Breast
ACH-000943,0.8859583595675884,-0.7246414806881957,Bowel
ACH-001696,0.8574313928459107,-0.3501097994470022,Head and Neck
ACH-001016,0.8556928699532146,-0.4697803849060757,CNS/Brain
ACH-000261,0.8687024448547066,-0.35128431485465333,Lung
ACH-000164,0.8717030368124925,-0.48466269758102837,Pancreas
ACH-001793,0.8338051837423156,-0.26265762504930745,Soft Tissue
ACH-000262,0.8643578639049503,-0.3544620605573379,Kidney
ACH-000773,0.8715806277263485,-0.42279175018787307,Lymphoid
ACH-000722,0.8728593318723759,-0.30727744473961205,Bowel
ACH-001129,0.8602078820152178,-0.38116484768195147,Myeloid
ACH-001619,0.874434956519665,-0.28611112604753125,Biliary Tract
ACH-000329,0.8484999237297233,-0.5146271662801485,CNS/Brain
ACH-001701,0.8421064029995876,-0.48193876578312844,Head and Neck
ACH-000545,0.8238690185113925,-0.41307390600747745,Bladder/Urinary Tract
ACH-000124,0.8555591615668113,-0.5100856371002913,Lymphoid
ACH-001626,0.8495479338287867,-0.25127370365868024,Head and Neck
ACH-000619,0.8265193321611356,-0.46570984939799803,Head and Neck
ACH-001973,0.855965308637248,-0.4130797138418476,Skin
ACH-001340,0.87063242811291,-0.35075680761163935,Ovary/Fallopian Tube
ACH-000546,0.8290500615497995,-0.46539844171436656,Head and Neck
ACH-001709,0.8653004138682592,-0.691230398465735,Lymphoid
ACH-002018,0.8678204716955668,-0.41611836462311097,Eye
ACH-000153,0.8508765432176265,-0.2749843063367762,Pleura
ACH-000116,0.8333274744369025,-0.4490864055088081,Ovary/Fallopian Tube
ACH-001270,0.8619376165632676,-0.3653407017712905,Soft Tissue
ACH-002523,0.8412360430101586,-0.36771631654934467,Liver
ACH-000324,0.8618980690123597,-0.35767617775603205,Ovary/Fallopian Tube
ACH-000898,0.8244873413311458,-0.5239953574242996,Esophagus/Stomach
ACH-000517,0.8519794804707289,-0.3536956988027767,Pancreas
ACH-001415,0.8214418660417736,-0.27053414480569404,Bladder/Urinary Tract
ACH-000681,0.8743458175953959,-0.5144224847296461,Lung
ACH-001310,0.8349658729745221,-0.581168103217122,Kidney
ACH-000070,0.8716217446245148,-0.5316248454065768,Lymphoid
ACH-000484,0.8630757071949549,-0.2040119265935009,Kidney
ACH-000108,0.8589461268195798,-0.23578499427661273,Pancreas
ACH-000656,0.8749945857519591,-0.5553582617016114,Lymphoid
ACH-000997,0.8819803781373606,-0.5890705628720271,Bowel
ACH-000866,0.859323711769916,-0.6129165915982615,Lung
ACH-000819,0.8599166111640856,-0.35155765895214514,CNS/Brain
ACH-000226,0.8551853430498945,-0.520120602336378,Lymphoid
ACH-000087,0.8635138689494603,-0.512220841093409,Bone
ACH-002005,0.8753257180234508,-0.4736603508840419,Skin
ACH-000758,0.8399695797727459,-0.5777952188730876,Esophagus/Stomach
ACH-000258,0.8425800320021293,-0.27744665488684983,Breast
ACH-000163,0.8531844252956179,-0.31664107410350806,Head and Neck
ACH-000076,0.8671864554032311,-0.5300819688747486,Myeloid
ACH-001193,0.8636711175447375,-0.39364438187137596,Bone
ACH-000571,0.8523972407108769,-0.2728281290965464,CNS/Brain
ACH-000391,0.8568472817963879,-0.533918282261954,Bone
ACH-000293,0.8792434365189619,-0.40231220230721615,Uterus
ACH-000532,0.8712896707446678,-0.410790135357495,Bowel
ACH-000584,0.8686349629226015,-0.45555711528067866,Ovary/Fallopian Tube
ACH-001690,0.855826578339618,-0.44418710639781916,Head and Neck
ACH-000944,0.8806119073281612,-0.5633112129062378,Lymphoid
ACH-000561,0.8461936109989899,-0.5384808572073002,Esophagus/Stomach
ACH-001648,0.8378142382482571,-0.7168374996614949,Prostate
ACH-000204,0.8675797338261503,-0.6371487636749646,Lymphoid
ACH-000160,0.9054135575281902,-0.611577634536625,CNS/Brain
ACH-001347,0.8356846340188036,-0.32601617745686473,Head and Neck
ACH-000268,0.867767113888786,-0.4509742496985674,Biliary Tract
ACH-001341,0.8540550991544984,-0.3922815418758434,Cervix
ACH-000714,0.8685731306406262,-0.3955997472479934,Lymphoid
ACH-000937,0.8226916941982488,-0.5469758385114755,Lymphoid
ACH-000763,0.8875239403924247,-0.424339425818994,Lymphoid
ACH-002834,0.8286034253200998,-0.28418717436970936,Bone
ACH-001673,0.8715165983582116,-0.5799340327584354,Biliary Tract
ACH-000326,0.8578447589137356,-0.5257257780124599,Myeloid
ACH-000901,0.8611827605320463,-0.3225841221289133,Lung
ACH-000511,0.8440803279810222,-0.29160439232099306,Lung
ACH-002077,0.852724606548949,-0.35693482126579396,Lung
ACH-000583,0.8963687815399564,-0.7145170968958668,Lymphoid
ACH-000836,0.861571958652094,-0.34560476003994794,Head and Neck
ACH-000975,0.8378826617887168,-0.44903533154254555,Lung
ACH-000467,0.8710294729692487,-0.5665210335996961,Bowel
ACH-000671,0.8644655211268666,-0.5749784098397551,Liver
ACH-000864,0.8707209392982758,-0.4956427062854366,Uterus
ACH-002067,0.8473392344975168,-0.42369044729668726,Bone
ACH-001461,0.8937978768614813,-0.31056306072650813,Bowel
ACH-000890,0.8578221603132167,-0.263949960031005,Lung
ACH-001692,0.8556354318435625,-0.5978047049607409,Head and Neck
ACH-000562,0.8695680968023608,-0.4145030229314698,Lung
ACH-000748,0.8419271835426949,-0.3592195155835387,Bone
ACH-001669,0.8857668992020811,-0.6018872501334741,Lymphoid
ACH-000834,0.8593519600205648,-0.529562440754881,Bladder/Urinary Tract
ACH-000565,0.8442171750619423,-0.40787913757531336,Bowel
ACH-002080,0.8587019363861951,-0.5801463331337506,Peripheral Nervous System
ACH-000770,0.8617894701820884,-0.5827960860960261,Myeloid
ACH-000507,0.8629002541714819,-0.5900863291703153,Esophagus/Stomach
ACH-000022,0.8607320439994753,-0.4351924352405234,Pancreas
ACH-001668,0.8709820786820495,-0.41016650029371565,Testis
ACH-000334,0.8731537414180246,-0.3688014018389673,Lymphoid
ACH-000374,0.8327157428756342,-0.5526259817776679,Breast
ACH-002003,0.8734117421072817,-0.41005977611451966,Skin
ACH-000148,0.829439259669847,-0.40269323833215337,Breast
ACH-002461,0.8491254655468644,-0.3935734139407828,Skin
ACH-000646,0.8402997704358831,-0.4165387884084731,Ovary/Fallopian Tube
ACH-000040,0.8468750215785247,-0.2635372985262598,CNS/Brain
ACH-000430,0.8741119848539157,-0.5444642293258118,Ovary/Fallopian Tube
ACH-001041,0.8597866692111016,-0.45001149976206245,Skin
ACH-001977,0.8689117957789582,-0.5818467273699612,Pleura
ACH-000370,0.849767328575491,-0.33847580768421653,CNS/Brain
ACH-001630,0.874704884248085,-0.38720582418682137,Ovary/Fallopian Tube
ACH-000437,0.8454305943620258,-0.3580187886375973,CNS/Brain
ACH-000498,0.8556737239166637,-0.3730581788899434,Myeloid
ACH-001392,0.8614084326677838,-0.3954993755827122,Breast
ACH-000503,0.859583909545335,-0.34346832710028957,Head and Neck
ACH-000403,0.8510639232802621,-0.3823001578566759,Bowel
ACH-000318,0.8671764115807785,-0.45812135264639553,Esophagus/Stomach
ACH-001430,0.8625060341402079,-0.4205886177001369,Bone
ACH-000928,0.8721578336479354,-0.4677285749344596,Uterus
ACH-000889,0.8947413684331448,-0.608990201720101,Lymphoid
ACH-000799,0.8355914147916629,-0.40505414789335775,Skin
ACH-001623,0.8386996639713651,-0.17866652968534572,CNS/Brain
ACH-000736,0.8675759673927304,-0.5123872357497408,Esophagus/Stomach
ACH-000876,0.851381873034785,-0.5070782063269568,Breast
ACH-001232,0.8290375067717334,-0.32509099598390256,CNS/Brain
ACH-001618,0.8982695749391565,-0.5138775535127437,Myeloid
ACH-002650,0.8462149541217024,-0.3219888459958989,Lung
ACH-000235,0.8493605537661507,-0.36973631565156956,Pancreas
ACH-000381,0.8685499043012044,-0.4344341862704591,Bowel
ACH-001993,0.8441107733178324,-0.4414531377509068,Lymphoid
ACH-001301,0.8672577037687561,-0.3898830157775798,Peripheral Nervous System
ACH-000187,0.8645239008448736,-0.5537897601631125,Lung
ACH-000569,0.8565522445118358,-0.4242866101315555,Pleura
ACH-000668,0.816718444663874,-0.30486591453833445,Breast
ACH-000924,0.8751722358615938,-0.6828640838943917,Lung
ACH-001450,0.8886199725175907,-0.5211321241475093,Lymphoid
ACH-000296,0.838272173778216,-0.3364315522338693,Bowel
ACH-000713,0.8389404018407817,-0.32174072568569345,Ovary/Fallopian Tube
ACH-001360,0.8702008576168898,-0.19131067315232936,Cervix
ACH-000273,0.8427636456313454,-0.3564887299024523,CNS/Brain
ACH-001715,0.8551037369924652,-0.39594663674842867,Bone
ACH-000639,0.8729528649689676,-0.6012576305179245,Lung
ACH-000094,0.8461142020277221,-0.4353241076921975,Pancreas
ACH-000361,0.8725843822327293,-0.349068947097559,Liver
ACH-000719,0.8681051512882144,-0.37028855625298396,Ovary/Fallopian Tube
ACH-001396,0.892709063733703,-0.27700910468426615,Breast
ACH-001848,0.8465388673958064,-0.3767295364260947,Biliary Tract
ACH-000339,0.8511590257241125,-0.43052345221147736,Lung
ACH-002048,0.8696183159146248,-0.5751435681324298,Soft Tissue
ACH-002486,0.8625047786624015,-0.5712958788784637,Ovary/Fallopian Tube
ACH-002711,0.850154329609377,-0.28922170557934124,Head and Neck
ACH-000215,0.8446019790096665,-0.41645818138346624,CNS/Brain
ACH-001001,0.8874197357344764,-0.7114387126952543,Bone
ACH-000407,0.8587687905793968,-0.389151129566628,Uterus
ACH-002027,0.8618528718113215,-0.42107014235949586,Uterus
ACH-001278,0.8666883445834609,-0.628471032349672,Ovary/Fallopian Tube
ACH-001419,0.8761364428170662,-0.4062814393224016,Breast
ACH-000865,0.8858905637660317,-0.45756955842630065,Esophagus/Stomach
ACH-001523,0.8381798961594307,-0.46766810148882676,Skin
ACH-000024,0.8854304311499109,-0.4164714360375337,Lymphoid
ACH-000599,0.8605311675504185,-0.31345496365722414,Pancreas
ACH-000263,0.8672686891995638,-0.42077219029768737,Myeloid
ACH-000303,0.8697137322279271,-0.43131037346682166,Esophagus/Stomach
ACH-001551,0.8666390670795513,-0.5730899973378799,Skin
ACH-000793,0.8628377941506032,-0.5438894621340763,Esophagus/Stomach
ACH-002511,0.8186672600891765,-0.21385882713492058,Skin
ACH-000286,0.863238605440362,-0.4825901071501577,Bowel
ACH-000250,0.8514421359695019,-0.3308973354721319,Kidney
ACH-000139,0.8560240022247068,-0.2258414930418987,Pancreas
ACH-001735,0.8583303149554401,-0.5034556128633969,Lymphoid
ACH-001389,0.8577440068197554,-0.47375923432847694,Breast
ACH-001183,0.8567176537128559,-0.3600416294234679,Bladder/Urinary Tract
ACH-000551,0.8635659712784342,-0.5543797988491104,Myeloid
ACH-001163,0.8766445974592896,-0.5258584179423711,Kidney
ACH-000037,0.8568968731697488,-0.27251775813328094,Soft Tissue
ACH-000420,0.8525438177447977,-0.33955254717664424,Liver
ACH-000336,0.8617370539836625,-0.7116687499381131,Myeloid
ACH-000486,0.8541950849299349,-0.5041537049197593,Bladder/Urinary Tract
ACH-001557,0.8421261767750416,-0.3852621410295833,Pleura
ACH-000247,0.8550654449193638,-0.48275846030101516,Esophagus/Stomach
ACH-000947,0.89199187203668,-0.7846559254811241,Ovary/Fallopian Tube
ACH-000807,0.860049064072682,-0.4275439196719859,CNS/Brain
ACH-000476,0.8557484248461568,-0.4730367497070217,Liver
ACH-000525,0.8762940052817952,-0.4512286811961146,Lung
ACH-000853,0.8564536895040172,-0.5399229759800536,Lung
ACH-000479,0.8450156589469429,-0.4676673559819167,CNS/Brain
ACH-001664,0.8834404988264422,-0.667022731466008,Esophagus/Stomach
ACH-002705,0.8309106796591881,-0.5191760945646307,Esophagus/Stomach
ACH-001683,0.8742739414909677,-0.46063312121161054,Breast
ACH-001990,0.8602022323650879,-0.6975892914795607,Skin
ACH-001647,0.8689463214186396,-0.5133834708182625,Myeloid
ACH-002043,0.8580456353627921,-0.4426439601390819,Head and Neck
ACH-001649,0.8373616384989757,-0.37716870383003964,Prostate
ACH-000155,0.8686076562803081,-0.28142081359518706,Pancreas
ACH-000683,0.8656572834347864,-0.3354166255091988,Bowel
ACH-000655,0.8596721068612492,-0.3903955643248794,CNS/Brain
ACH-000145,0.848591887479057,-0.2558395588026969,Soft Tissue
ACH-001495,0.8891362877655571,-0.30632238674552453,Uterus
ACH-000188,0.8499641247216763,-0.34005427822743606,Head and Neck
ACH-000146,0.8600038668716444,-0.39490231389239433,Myeloid
ACH-000415,0.8462821221843557,-0.3661267084550193,Head and Neck
ACH-001518,0.8646507041033409,-0.3025032080136161,Uterus
ACH-001625,0.8657219405418267,-0.25629637461724314,Head and Neck
ACH-000851,0.872344272102216,-0.5314167199004989,Lung
ACH-000824,0.8728951129898637,-0.39419131920182365,Esophagus/Stomach
ACH-000983,0.8699601197474732,-0.581295720326626,Myeloid
ACH-000541,0.8954252899682928,-0.4810220114655567,Lymphoid
ACH-002460,0.8375807193762285,-0.41730837511796215,Skin
ACH-000111,0.8252927303440827,-0.5322851972358839,Breast
ACH-002463,0.8399592220808415,-0.23601098405142384,Eye
ACH-002928,0.8473681104870688,-0.3406655181232023,Skin
ACH-000618,0.8565914781932921,-0.6101896048283493,Head and Neck
ACH-000470,0.8811614927380026,-0.2802828612465448,Bowel
ACH-002039,0.8583789647204457,-0.36858837399132843,Pancreas
ACH-000118,0.8629727580148135,-0.5167841795353991,Pancreas
ACH-000614,0.8612524395503129,-0.5357113480454867,Skin
ACH-001338,0.8759113984202321,-0.5881826426666629,Peripheral Nervous System
ACH-000556,0.8420521035844518,-0.46167173501401976,Cervix
ACH-001804,0.8398917401487366,-0.2680909402567222,Soft Tissue
ACH-001386,0.8655028596645739,-0.45338579738689894,Lung
ACH-001525,0.8623958659626787,-0.4411388641227328,Cervix
ACH-001539,0.8872875966953312,-0.37895721705110796,Lymphoid
ACH-000014,0.8589652728561304,-0.47925407423736927,Skin
ACH-002785,0.8397476740704286,-0.3678580720499636,Soft Tissue
ACH-000637,0.8410273198248105,-0.3230681587679461,Esophagus/Stomach
ACH-002693,0.8619865801977251,-0.43271674868668364,Peripheral Nervous System
ACH-000455,0.8559204253056618,-0.4415717934158843,CNS/Brain
ACH-000389,0.8544615600943868,-0.25500230430540133,CNS/Brain
ACH-002710,0.8386004812246434,-0.29264817513002395,Peripheral Nervous System
ACH-000490,0.8666199210430007,-0.40729621101305047,Cervix
ACH-000434,0.874751650796381,-0.28117222056116437,Lung
ACH-002042,0.8647749964061947,-0.29764577568922457,Head and Neck
ACH-000597,0.8762729760285343,-0.45634948529040437,Soft Tissue
ACH-000756,0.8548099551857196,-0.4092798030095823,CNS/Brain
ACH-000396,0.8632401747876199,-0.33837092496037685,Bladder/Urinary Tract
ACH-000371,0.8858786367268688,-0.561209460954598,Lymphoid
ACH-000265,0.8669799293040449,-0.652672762443421,Pancreas
ACH-000132,0.8426117328167461,-0.41724816264570314,Ovary/Fallopian Tube
ACH-000216,0.8337741106666021,-0.40196150328617136,Esophagus/Stomach
ACH-000855,0.8716220584939663,-0.4707925314870023,Esophagus/Stomach
ACH-000906,0.8739996195902247,-0.5073281236908256,Ovary/Fallopian Tube
ACH-000348,0.854852013692241,-0.3388649848004557,Skin
ACH-000238,0.8446139060488291,-0.3434630349800574,Head and Neck
ACH-000237,0.835975591000484,-0.18333309376145526,Ovary/Fallopian Tube
ACH-000393,0.8658336780666145,-0.24070864982604243,Liver
ACH-000623,0.8394909288589777,-0.288448576258637,CNS/Brain
ACH-000359,0.8681064067660209,-0.22659715625732382,Bone
ACH-001028,0.9007902605053675,-0.6694952733088301,CNS/Brain
ACH-000621,0.8603563422658486,-0.22666512219288568,Breast
ACH-001641,0.8702294197369898,-0.4796620094882543,Head and Neck
ACH-000483,0.860771905419835,-0.37217978340923585,Liver
ACH-000514,0.8472036428944035,-0.4495085956585829,Lung
ACH-000936,0.8474274318134308,-0.4845398812867868,Ovary/Fallopian Tube
ACH-000716,0.8725071703476228,-0.5421926227012076,Thyroid
ACH-000988,0.8742927736580668,-0.3183669498639382,Uterus
ACH-000609,0.8449613595318072,-0.3265021482903466,CNS/Brain
ACH-001411,0.8466920356882122,-0.34190315064149723,Bladder/Urinary Tract
ACH-000504,0.8300243123277249,-0.2472853725748877,CNS/Brain
ACH-000956,0.8826828179701562,-0.47519491711701317,Prostate
ACH-000652,0.868857810233274,-0.3219909904609979,Pancreas
ACH-000414,0.8847286190560185,-0.4648620945011947,Lung
ACH-000472,0.849172545964612,-0.2659561556210372,Head and Neck
ACH-000007,0.873863400248208,-0.46630431621920426,Bowel
ACH-001850,0.8614862722917933,-0.43389802584959675,Biliary Tract
ACH-000028,0.8558008410445826,-0.5887521431781382,Breast
ACH-000665,0.8363305773503013,-0.2827689864765877,Lung
ACH-000078,0.8316988058522844,-0.457832036878514,Peripheral Nervous System
ACH-002046,0.8501464828730855,-0.28726518009710755,Uterus
ACH-000397,0.8580026352479162,-0.33510321659430753,Uterus
ACH-002925,0.8814028583463223,-0.41487593899952613,Eye
ACH-000518,0.8498423433744358,-0.4843140170600092,Head and Neck
ACH-001566,0.8863371999957315,-0.3677884368227982,Skin
ACH-000252,0.8668700749959669,-0.3617408153909379,Bowel
ACH-001605,0.8559113230915639,-0.42322908887513905,CNS/Brain
ACH-002522,0.8085898536050103,-0.49413347766044086,Lung
ACH-000277,0.8537220836662965,-0.4797473094527293,Breast
ACH-001239,0.8546194364285672,-0.5549839189998695,Skin
ACH-001970,0.881277938304565,-0.4078552300361622,Skin
ACH-000537,0.8494804518966819,-0.4796505430114706,Liver
ACH-002660,0.8731264347757307,-0.41156725002838473,Bowel
ACH-000724,0.8290582221555426,-0.31918900832131536,Bladder/Urinary Tract
ACH-000522,0.872981427089068,-0.5158556274084349,Bladder/Urinary Tract
ACH-001549,0.8637172563541301,-0.410342604396124,Lung
ACH-000706,0.8583353368666662,-0.5732385771901256,Lung
ACH-000548,0.8077810120281049,-0.2689255851543691,Head and Neck
ACH-001839,0.8794066486338203,-0.4753337390727886,Biliary Tract
ACH-001799,0.8450222502054273,-0.20713150108406853,Soft Tissue
ACH-000425,0.8874115751287336,-0.34980169583162024,Skin
ACH-000375,0.8695671551940057,-0.519230173071022,Kidney
ACH-000753,0.852087137692645,-0.5388973189128682,Bladder/Urinary Tract
ACH-000735,0.8528049571285716,-0.3708998045139179,Head and Neck
ACH-000654,0.8970592943335892,-0.44932601927466603,Lymphoid
ACH-001067,0.8860569145754069,-0.5076776636094957,CNS/Brain
ACH-001394,0.8615546958322531,-0.23806156668792844,Breast
ACH-000404,0.8880003942200312,-0.43681973677143227,Skin
ACH-000882,0.8866538942724475,-0.5244979070411734,Skin
ACH-001509,0.8511376826014002,-0.307410102240542,Head and Neck
ACH-000210,0.8651610558317259,-0.47144856862654516,Bone
ACH-000604,0.8892000032642423,-0.45638143499912454,Myeloid
ACH-000090,0.8697416666091242,-0.3551261445750228,Prostate
ACH-000195,0.8499324239070597,-0.42529074717444476,Myeloid
ACH-001791,0.8729710693971634,-0.2894038254826285,Soft Tissue
ACH-001650,0.8684748895022596,-0.37703923739111217,Cervix
ACH-000605,0.8690913291053025,-0.4460958321156531,Esophagus/Stomach
ACH-000458,0.8454111344560236,-0.3823569555799589,Skin
ACH-002084,0.868282801397849,-0.3224570259025893,Skin
ACH-000004,0.8712532618882765,-0.4169091729709002,Myeloid
ACH-000251,0.8682711882281379,-0.3899738073097768,Lung
ACH-001194,0.8476659725966859,-0.25117836145272526,Kidney
ACH-002055,0.8707058735645967,-0.5302021645500214,Lymphoid
ACH-001443,0.8606416495973996,-0.2991475663385614,Thyroid
ACH-000688,0.8604420286261495,-0.23249857260476406,Ovary/Fallopian Tube
ACH-000405,0.8692451251366117,-0.511295501083426,Lymphoid
ACH-000821,0.8654466770327284,-0.3899932501511698,Lymphoid
ACH-001677,0.8682385458051662,-0.4198087194757125,Lymphoid
ACH-002526,0.8732783475903303,-0.36541177443895895,Lung
ACH-001627,0.8564455288982743,-0.6755444260271738,Prostate
ACH-001036,0.8754826527492766,-0.47205413560846604,Myeloid
ACH-000547,0.835452684494033,-0.44136927565932155,Bladder/Urinary Tract
ACH-000826,0.8529248552591023,-0.36860680052458233,Lung
ACH-001986,0.878021228874232,-0.597801151580271,Skin
ACH-000018,0.855307438266587,-0.30658964148322787,Bladder/Urinary Tract
ACH-000721,0.8876554516926667,-0.5066419487786944,Breast
ACH-000092,0.8516169612540716,-0.307982833208308,Pleura
ACH-001099,0.879476327652087,-0.5904890245066887,Soft Tissue
ACH-000648,0.8744936501071237,-0.39132004328358344,Pleura
ACH-000950,0.8855170591185666,-0.49123528882741563,Bowel
ACH-002051,0.865788166996125,-0.27322042366047966,Lung
ACH-000367,0.8591234630597626,-0.22568858880895776,Pleura
ACH-000589,0.8699651416586994,-0.5730325237818135,Lung
ACH-001522,0.8730197191621695,-0.3239347672863575,Skin
ACH-000831,0.8807904990461506,-0.7033402852934306,Uterus
ACH-000424,0.8891940397446609,-0.5476685421629389,Bone
ACH-000616,0.8449258922837707,-0.30358740580043614,Esophagus/Stomach
ACH-000512,0.8609712125216331,-0.4961124630074917,Lymphoid
ACH-000232,0.8554731613370589,-0.5722724017269031,CNS/Brain
ACH-000820,0.8742193282063805,-0.4034431019006793,Bowel
ACH-001295,0.8771734674853217,-0.40707085086492184,Eye
ACH-001164,0.8707965818361236,-0.4505643752472135,Soft Tissue
ACH-002524,0.8509292732855038,-0.4350505853765832,Ovary/Fallopian Tube
ACH-000645,0.8520406850138009,-0.34022851342472193,Pleura
ACH-000099,0.8669036590272934,-0.5660568872236635,Peripheral Nervous System
ACH-000649,0.8532716810031771,-0.33239013636054426,Kidney
ACH-000086,0.8795133642473817,-0.4735893032808399,Pleura
ACH-000149,0.8550252696295524,-0.3946406056704213,Peripheral Nervous System
ACH-000142,0.828705119022435,-0.34411520257279415,Bladder/Urinary Tract
ACH-002535,0.8680872607294703,-0.5806746031688582,Bowel
ACH-000227,0.8503825127007274,-0.3610959408686824,Peripheral Nervous System
ACH-000697,0.8718260736375397,-0.5741937138433513,Lymphoid
ACH-000264,0.8734148808017983,-0.31986595244730226,Lung
ACH-000809,0.8511292081262057,-0.48014299056430754,Esophagus/Stomach
ACH-000093,0.8426368423728781,-0.32190312004005806,Pancreas
ACH-000100,0.8529273662147154,-0.507250073237662,Soft Tissue
ACH-000060,0.8659416491579823,-0.3467452699368557,Pancreas
ACH-000001,0.8648719820667551,-0.495261085205866,Ovary/Fallopian Tube
ACH-000957,0.8806658928738453,-0.5939836235209127,Bowel
ACH-001096,0.8802217675997588,-0.5136654170183542,Soft Tissue
ACH-002799,0.8707328663374385,-0.3228062615692773,Peripheral Nervous System
ACH-000239,0.8604822039159609,-0.40091342391018014,Esophagus/Stomach
ACH-000762,0.8505541992907805,-0.288396307148986,Head and Neck
ACH-000922,0.8709218157473326,-0.6103648272940099,Lymphoid
ACH-000859,0.846765167270447,-0.2889123819020193,Breast
ACH-000410,0.8270846110435596,-0.40174201171826907,Bone
ACH-001853,0.8476728777246223,-0.510555999963021,Liver
ACH-000694,0.8530488336925045,-0.48558943513525743,Esophagus/Stomach
ACH-000935,0.8635057083437174,-0.49869930506151927,Bowel
ACH-001563,0.8577468316448205,-0.26396047874352874,Skin
ACH-000974,0.8666268261709373,-0.5129008443102444,Uterus
ACH-001719,0.8656911813355648,-0.3006818025437051,Ovary/Fallopian Tube
ACH-000243,0.8613108192683202,-0.37962084188357326,Pancreas
ACH-001418,0.863130634348994,-0.44808269225411423,Ovary/Fallopian Tube
ACH-000362,0.8880810586691056,-0.5337197585129606,Myeloid
ACH-000843,0.8752544696579261,-0.5438100838762291,Lung
ACH-000840,0.8540067632589442,-0.34485033735539417,Lung
ACH-001852,0.8686945981184153,-0.5597252822260473,Biliary Tract
ACH-001528,0.8574765900469487,-0.5537401602497191,Thyroid
ACH-001656,0.8781000101065966,-0.5389021983730689,Myeloid
ACH-001460,0.8926092532480778,-0.48995362726737224,Bowel
ACH-000592,0.8448103883255631,-0.2500531184901633,CNS/Brain
ACH-001192,0.8675693761342457,-0.3770995856377961,Bone
ACH-000045,0.885801110972311,-0.6182142108713075,Myeloid
ACH-000741,0.8560974476763931,-0.39298342645570694,Bladder/Urinary Tract
ACH-000912,0.8548312983084321,-0.44424538013555537,Lung
ACH-000577,0.8357985686297525,-0.26540768645558865,Liver
ACH-000768,0.8557352423291873,-0.38104868023349137,Breast
ACH-000667,0.8684428748181912,-0.42709981923414647,Lung
ACH-000905,0.8512905370243542,-0.42703682225793005,Bladder/Urinary Tract
ACH-001494,0.839398023501289,-0.27458958989302495,Biliary Tract
ACH-000387,0.882294247589012,-0.38832214871852905,Myeloid
ACH-002510,0.8776631038298979,-0.48326557503201306,Skin
ACH-001303,0.8837025798185708,-0.3837300405266568,Peripheral Nervous System
ACH-000026,0.8834530536045083,-0.38988913011921983,Bladder/Urinary Tract
ACH-000838,0.8921331132899231,-0.4445075625533112,Lymphoid
ACH-001172,0.8684777143273245,-0.674179909510898,CNS/Brain
ACH-000822,0.8430558580908326,-0.30894679023158506,Skin
ACH-000527,0.8319031348653091,-0.48552893111400236,Ovary/Fallopian Tube
ACH-000279,0.8762123992243658,-0.49299318708186474,Bone
ACH-000516,0.8397526959816549,-0.2328233288914832,Bone
ACH-001662,0.845783383625682,-0.36667022385638876,Breast
ACH-001300,0.8770080582843015,-0.5338576694900152,Peripheral Nervous System
ACH-000524,0.8385019262168246,-0.35072329013939363,Ovary/Fallopian Tube
ACH-000411,0.8771844529161298,-0.38308103375073255,Kidney
ACH-000718,0.8481232803877418,-0.34790489479272746,Lung
ACH-000903,0.8741565543160502,-0.5204578656391353,Thyroid
ACH-002021,0.8690574312045241,-0.44350675908768766,Uterus
ACH-000433,0.8746835411253729,-0.35030306281926943,Kidney
ACH-000499,0.8892430033791183,-0.4706297690120466,Bone
ACH-000278,0.8502083151550608,-0.23905647162549526,Ovary/Fallopian Tube
ACH-000202,0.8871322313167641,-0.39694462133097086,Bowel
ACH-001736,0.8356215462590213,-0.5873796469768754,Lymphoid
ACH-001379,0.8600208158220337,-0.458245953959941,Pancreas
ACH-002070,0.8427956603154138,-0.3703613387700286,CNS/Brain
ACH-000128,0.8544314286270284,-0.4852764681586338,CNS/Brain
ACH-000696,0.8725451485512726,-0.5728432334099586,Ovary/Fallopian Tube
ACH-000041,0.8570883335352562,-0.3582665358650534,Bone
ACH-000747,0.873163157501574,-0.6354355792032081,Lung
ACH-001307,0.8618136381298654,-0.31902087905234583,Thyroid
ACH-000341,0.8530758264653466,-0.3650504407694358,Peripheral Nervous System
ACH-001740,0.8699852293036052,-0.38216896090038355,Soft Tissue
ACH-000417,0.8445263364718187,-0.36671856601246744,Pancreas
ACH-001393,0.8727441417836196,-0.578255781689105,Breast
ACH-000120,0.8591422952268618,-0.3694175963420632,Peripheral Nervous System
ACH-001694,0.8197884017704749,-0.4348098795852914,Head and Neck
ACH-001542,0.8734236691464446,-0.45767180141338587,Head and Neck
ACH-000438,0.8819728452705211,-0.3012713677935723,Lung
ACH-001366,0.8739519114335735,-0.4958967740301644,Peripheral Nervous System
ACH-000653,0.87890665459734,-0.5010683242776272,Lymphoid
ACH-000839,0.8530560526898925,-0.2742436231474281,Bladder/Urinary Tract
ACH-000673,0.8433898151873895,-0.2719926482499213,CNS/Brain
ACH-001524,0.822465394323608,-0.24493242347187902,Skin
ACH-000323,0.8440530213387285,-0.3964731358546677,CNS/Brain
ACH-000021,0.8652580414922859,-0.3465513009191015,Lung
ACH-001863,0.8473844316985548,-0.3867267885129132,Biliary Tract
ACH-000980,0.872117344488672,-0.6237199331687654,Lung
ACH-000106,0.8591441784435716,-0.41220109864006255,Lymphoid
ACH-000734,0.8762127130938177,-0.62165143123687,Liver
ACH-000845,0.8490573558758557,-0.38587547906414577,Lung
ACH-001982,0.8600440421614556,-0.6985025845803999,Skin
ACH-001334,0.8328387797006814,-0.6145773807721081,Cervix
ACH-000698,0.8604053059003062,-0.4817147585969579,Lung
ACH-000802,0.8636306283854743,-0.43826359242517604,Bladder/Urinary Tract
ACH-001836,0.8298965674609029,-0.4242463882859169,Biliary Tract
ACH-000573,0.8765422760180513,-0.44983526429771764,Breast
ACH-001699,0.8373836093605913,-0.6598380239604504,Head and Neck
ACH-000963,0.8756772518093003,-0.3797245650006811,Bowel
ACH-001567,0.8609235043649824,-0.46894212433626487,Skin
ACH-001653,0.855850118548492,-0.44484191462844125,Esophagus/Stomach
ACH-001862,0.832297668766035,-0.43888727497179686,Ampulla of Vater
ACH-000661,0.8545186843345873,-0.42627447319891165,Skin
ACH-001500,0.8644736817326099,-0.544285653928264,Esophagus/Stomach
ACH-001190,0.8538997337759313,-0.35025315391039663,Skin
ACH-002467,0.8463081733488426,-0.2673245544647043,Eye
ACH-000364,0.8385904374021903,-0.48047997411780796,Bone
ACH-000448,0.8582964170546616,-0.2993975856901304,Lung
ACH-000932,0.880764134012212,-0.4940255598373156,Esophagus/Stomach
ACH-000783,0.8703260915280984,-0.31104930924372703,Breast
ACH-002044,0.8783325873702698,-0.6743460245059633,Head and Neck
ACH-000976,0.8811753029938751,-0.28176894713024614,Biliary Tract
ACH-001354,0.8873792465752133,-0.35186562800879895,Peripheral Nervous System
ACH-001645,0.8621921646885569,-0.3571711771841778,Skin
ACH-000867,0.8646930764793136,-0.4098111780416439,Lung
ACH-000304,0.840633413662988,-0.43740916647301054,Skin
ACH-002069,0.8646663975759233,-0.3036971014143517,Bone
ACH-001374,0.8623261869444121,-0.28419597683841336,Ovary/Fallopian Tube
ACH-000302,0.8629548674560691,-0.4183073601545166,Uterus
ACH-000305,0.8342248271991736,-0.4179039068488087,Esophagus/Stomach
ACH-000766,0.8594740552372573,-0.3033540531251519,Lung
ACH-000533,0.8736179543370168,-0.5591071940114967,Kidney
ACH-000343,0.8538240912380833,-0.4753994436171062,Lung
ACH-000535,0.8512654274682222,-0.4154256436855423,Pancreas
ACH-000774,0.8470859418500342,-0.1635638583351979,Lung
ACH-000178,0.8656353125731707,-0.3937280244953815,Pancreas
ACH-001306,0.8516935454002745,-0.3096312470518304,Thyroid
ACH-000994,0.8651478733147564,-0.668073274583265,Uterus
ACH-001188,0.8653230124687777,-0.42831698838886545,Peripheral Nervous System
ACH-000804,0.8717454091884655,-0.5391556288635059,Peripheral Nervous System
ACH-000011,0.8795513424510315,-0.3424485555052457,Bladder/Urinary Tract
ACH-001603,0.8695144251261284,-0.4173244621726145,Peripheral Nervous System
ACH-000829,0.8944604552739172,-0.5083645767898243,Lymphoid
ACH-000141,0.8498178615572067,-0.3476291963799163,Biliary Tract
ACH-000810,0.8711807580449448,-0.3354250503945014,Skin
ACH-001145,0.8740686708695878,-0.4620420649042618,Ovary/Fallopian Tube
ACH-000717,0.8303727074190578,-0.2801490360880308,Esophagus/Stomach
ACH-000738,0.8620917264640282,-0.6021883090359592,CNS/Brain
ACH-001843,0.8685238531367172,-0.38767394167818475,Biliary Tract
ACH-002664,0.8411337215689204,-0.533898439162948,Bowel
ACH-001548,0.8709685822956286,-0.3387043815532368,Peripheral Nervous System
ACH-001555,0.8520243638023152,-0.25517525663084095,Pleura
ACH-000969,0.8823491747430509,-0.5080999111912023,Bowel
ACH-000873,0.8500171686590053,-0.487218749053256,Esophagus/Stomach
ACH-001275,0.8649407194766664,-0.5626403447071056,Soft Tissue
ACH-002654,0.8658135904217087,-0.315880924021007,Bowel
ACH-001972,0.8778966227019264,-0.5404902032673954,Skin
ACH-000921,0.860290429681002,-0.5463724582854096,Lung
ACH-002800,0.8347897922121458,-0.31173478065245736,Peripheral Nervous System
ACH-000082,0.8575064076448554,-0.26155051528563217,Bone
ACH-000488,0.8607176060046992,-0.7028314655864607,Esophagus/Stomach
ACH-000790,0.8887769072434164,-0.5600422951390827,Lung
ACH-000172,0.8584241619214837,-0.42607345919489237,Soft Tissue
ACH-000647,0.8499324239070594,-0.4026925221863835,Esophagus/Stomach
ACH-000602,0.878923917417181,-0.42629378826752223,Myeloid
ACH-003012,0.8563592147990702,-0.3903359657840648,Lung
ACH-002001,0.8741079045510444,-0.5664172424301664,Skin
ACH-000315,0.8686286855335686,-0.38784259686905714,Lymphoid
ACH-002446,0.8795949703048112,-0.45637122829550997,Esophagus/Stomach
ACH-000435,0.8748721766658147,-0.2955757082783903,Uterus
ACH-000965,0.8540673400631131,-0.6955559094627911,Uterus
ACH-001550,0.850712389494413,-0.3143042462973702,Skin
ACH-002026,0.8704871065567958,-0.5365039244762585,Uterus
ACH-000450,0.8788912749942092,-0.5299636466125306,Skin
ACH-002672,0.8412206634070281,-0.39080929320971447,Pancreas
ACH-000835,0.8705253986298971,-0.4175358293083822,Soft Tissue
ACH-001802,0.8565148940470894,-0.35428127871911863,Soft Tissue
ACH-000910,0.8766606048013238,-0.6082748886862089,Breast
ACH-001196,0.8686751382124129,-0.42661607396023166,Soft Tissue
ACH-001484,0.879162144330984,-0.48833894720586646,Lymphoid
ACH-000693,0.8831451476724383,-0.6428422406529343,Esophagus/Stomach
ACH-000811,0.8354150201598347,-0.2238789869442703,Ovary/Fallopian Tube
ACH-000290,0.8643396594767545,-0.49702467629697833,Lung
ACH-001497,0.8773630446341194,-0.35797756479668363,Esophagus/Stomach
ACH-000817,0.8890662948778388,-0.5045781102526098,Lymphoid
ACH-001556,0.8428047625295114,-0.39597534082398905,Pleura
ACH-000378,0.861990346631145,-0.3959937683072865,Lung
ACH-000913,0.8456926753541546,-0.42630420074958425,Uterus
ACH-000634,0.8593519600205648,-0.4061463862509118,CNS/Brain
ACH-002291,0.8418929717724647,-0.35005923466275707,Testis
ACH-001322,0.8591432368352167,-0.5212085425479225,Soft Tissue
ACH-000767,0.8597637567411311,-0.370673238207477,Lung
ACH-001642,0.8574348454098791,-0.41097675278221846,Lymphoid
ACH-001552,0.8493366996878257,-0.3020801399188903,Skin
ACH-000879,0.86975798782061,-0.572689512499051,Uterus
ACH-001842,0.8424968565974419,-0.2675584912342029,Biliary Tract
ACH-002662,0.8732818001542982,-0.5566705743337313,Bowel
ACH-000189,0.8294521283173646,-0.254971394219464,Kidney
ACH-000454,0.85795775191633,-0.4960886051214349,Lung
ACH-000660,0.8695156806039349,-0.5716275020134951,Lymphoid
ACH-001197,0.8662630514764734,-0.4388896751953202,Lymphoid
ACH-000915,0.8700997916534581,-0.6667644374880316,Skin
ACH-000480,0.8681205308913452,-0.5118370622660848,Liver
ACH-000161,0.8689212118625074,-0.4601788352225764,Lung
ACH-000395,0.8675505439671466,-0.4601087731261301,Lung
ACH-001459,0.8858842863769988,-0.39503573923920027,Bowel
ACH-000916,0.8375873106347133,-0.29892317189400275,Lung
ACH-001609,0.8581649057544196,-0.4387824474130047,CNS/Brain
ACH-001960,0.8463100565655527,-0.41262636862178576,Biliary Tract
ACH-001856,0.8793049549314854,-0.422890891135782,Biliary Tract
ACH-000295,0.8709221296167843,-0.41073417424952996,Myeloid
ACH-000292,0.864775624145098,-0.6823362452821421,Lung
ACH-000137,0.8569069169922019,-0.40113670664656303,CNS/Brain
ACH-000308,0.856012075185544,-0.32908721238621097,Ovary/Fallopian Tube
ACH-000445,0.8423060239708378,-0.31453241730478015,CNS/Brain
ACH-001229,0.8532286808883006,-0.5341963788159876,Head and Neck
ACH-000144,0.8379262896424964,-0.410559639163667,Esophagus/Stomach
ACH-000837,0.8620314635293116,-0.4626887839857943,Lung
ACH-000048,0.8718577744521566,-0.670443526241217,Ovary/Fallopian Tube
ACH-000463,0.8966459282657648,-0.3911978170576617,Lung
ACH-000881,0.8810434778241816,-0.47007004810253117,Skin
ACH-001992,0.8374096605250784,-0.4325462001180968,Pleura
ACH-000147,0.8574474001879451,-0.5302505100341255,Breast
ACH-000899,0.8688154378573011,-0.46779261739907696,Skin
ACH-000366,0.8772428326341367,-0.3915192510207956,Peripheral Nervous System
ACH-001526,0.863965840959838,-0.2722759564194905,Bone
ACH-001329,0.8424036373703012,-0.28684772221517013,CNS/Brain
ACH-001280,0.8684202762176724,-0.3567527601162896,Soft Tissue
ACH-002922,0.8572499763028564,-0.5086311698894806,Peripheral Nervous System
ACH-000861,0.8609379423597583,-0.4051542958643526,Lung
ACH-000133,0.8418468329630718,-0.3660020170261363,Fibroblast
ACH-001530,0.8639237824533167,-0.414151254697526,Uterus
ACH-000651,0.8850286782517975,-0.5118166125458372,Bowel
ACH-000563,0.8566282009191354,-0.5035237970428776,Lung
ACH-000316,0.8459911652026749,-0.32677622416998586,Liver
ACH-000884,0.8754396526344006,-0.5000565105895023,Skin
ACH-001451,0.8406996401172866,-0.38107094357937793,Cervix
ACH-000355,0.8969654473675455,-0.45546670843439996,Lung
ACH-002926,0.8757732958615059,-0.49903012397382485,Eye
ACH-000962,0.8725492288541442,-0.41387035337741657,Ovary/Fallopian Tube
ACH-000473,0.8541389022980894,-0.34484819909373104,Bladder/Urinary Tract
ACH-000192,0.856216090329117,-0.42488726609273664,Uterus
ACH-001624,0.8723232428489553,-0.40498430135536734,CNS/Brain
ACH-001344,0.8445778110618893,-0.35496877673555677,Peripheral Nervous System
ACH-000757,0.8760777492296073,-0.4533414462008057,Lung
ACH-000054,0.8748756292297832,-0.46157028139525097,Soft Tissue
ACH-001318,0.8585308775350452,-0.49629339734271427,Liver
ACH-000601,0.8956440569760936,-0.5721752670017796,Pancreas
ACH-001857,0.8729877044781009,-0.5279892585601639,Biliary Tract
ACH-000966,0.8700068862957693,-0.43928736277788827,Ovary/Fallopian Tube
ACH-000630,0.8249164008715528,-0.47320446681945827,Head and Neck
ACH-000657,0.8814464862001017,-0.6102557223475332,Ovary/Fallopian Tube
ACH-000624,0.8284417825524993,-0.4303845087498105,Breast
ACH-000699,0.8487569828106253,-0.3638188519560453,Breast
ACH-000740,0.8535811562825052,-0.45452490744178703,Head and Neck
ACH-000101,0.8490378959698536,-0.5951299580975774,Lymphoid
ACH-001416,0.8438107141220538,-0.35143994288374736,Bladder/Urinary Tract
ACH-000319,0.8546768745382195,-0.3311892916576871,Pleura
ACH-000198,0.8687438756223244,-0.6620758133025492,Myeloid
ACH-000280,0.8468508536307476,-0.40244247903934255,Ovary/Fallopian Tube
ACH-001835,0.8406710779971863,-0.4772067429640213,Biliary Tract
ACH-000493,0.8588981047934772,-0.3572175098830459,Liver
ACH-000042,0.844569964325598,-0.20173077847334198,Pancreas
ACH-002045,0.8717008397263312,-0.439828424603265,Head and Neck
ACH-000221,0.8815456689468236,-0.6780700727134128,Liver
ACH-000477,0.8573265604490593,-0.343698724796552,Skin
ACH-000746,0.865221946505346,-0.603836186305425,Esophagus/Stomach
ACH-000356,0.8754619373654678,-0.42685300287466943,Esophagus/Stomach
ACH-000244,0.8302333493825245,-0.297354424986749,CNS/Brain
ACH-000255,0.8606739781509197,-0.38335092888771766,Esophagus/Stomach
ACH-001038,0.8736794727495405,-0.5712554706963439,Bone
ACH-000352,0.8543181217549822,-0.4222937002744969,Breast
ACH-002016,0.8611149647304895,-0.339616609684122,Eye
ACH-000416,0.874049524833037,-0.360317266794524,Lung
ACH-000862,0.8456958140486711,-0.48975145753412014,Bladder/Urinary Tract
ACH-000401,0.8557123298592172,-0.38498042559766465,Skin
ACH-000593,0.8793743200803003,-0.39511135596128283,Bladder/Urinary Tract
ACH-000182,0.8247786121822779,-0.5750011100219962,Ampulla of Vater
ACH-000442,0.8407931732138788,-0.33054316693284674,Lung
ACH-000159,0.8356071082642453,-0.3179586362966243,Kidney
ACH-000907,0.8251838176443594,-0.27451306696037325,Kidney
ACH-000191,0.8616551340567816,-0.342523109833123,Thyroid
ACH-000103,0.8691029422750136,-0.43393927832763884,Ovary/Fallopian Tube
ACH-000739,0.86768990200368,-0.5050236478177577,Liver
ACH-001558,0.8460941143828162,-0.4407673523634455,Pleura
ACH-000206,0.8714698318099156,-0.3950940475522455,Lymphoid
ACH-000841,0.8680251145780432,-0.36676623202420267,Lung
ACH-001613,0.8614941190280841,-0.577726454006144,Myeloid
ACH-001608,0.8720291471727581,-0.43674817396815285,CNS/Brain
ACH-000801,0.8681155089801191,-0.38796424378565536,Skin
ACH-000464,0.847944060930849,-0.2916757927795159,CNS/Brain
ACH-000622,0.8538212664130183,-0.28778216805637125,CNS/Brain
ACH-000452,0.8346017844106064,-0.332301557561665,Esophagus/Stomach
ACH-001390,0.897900150594563,-0.32499043923037185,Breast
ACH-001401,0.8699017400294661,-0.5448556111173632,Adrenal Gland
ACH-000365,0.8734484648331248,-0.6074225094507811,Lymphoid
ACH-001431,0.8844677935416967,-0.4354973711918034,Bone
ACH-000475,0.8799000514118162,-0.5235915232763984,Liver
ACH-000860,0.8559753524597009,-0.4812345313558012,Lung
ACH-000074,0.8812500039233682,-0.5934872662000754,Myeloid
ACH-000377,0.8699139809380805,-0.4661340285491655,Ampulla of Vater
ACH-001562,0.8447149720122611,-0.5466279170456779,Pleura
ACH-000259,0.8754983462218594,-0.6544835988248094,Peripheral Nervous System
ACH-001388,0.8436572319601964,-0.23076423850326344,Breast
ACH-002025,0.8720690085931179,-0.5021888726932107,Bowel
ACH-000720,0.8333139780504815,-0.4068978628883288,Bladder/Urinary Tract
ACH-000095,0.8774327236523858,-0.39272251500660343,CNS/Brain
ACH-001345,0.9026885429489542,-0.533928160564279,Bowel
ACH-000558,0.8368293159089752,-0.40631756041272477,CNS/Brain
ACH-000664,0.8771875916106463,-0.6956378381685572,Lymphoid
ACH-000335,0.8737300057312563,-0.4435848402052957,Pleura
ACH-000631,0.8494748022465519,-0.33233101250412755,CNS/Brain
ACH-000207,0.8700075140346725,-0.4498973551684384,Head and Neck
ACH-000764,0.8519129401469787,-0.3184311581970971,Esophagus/Stomach
ACH-000995,0.8594627559369977,-0.526847520793059,Lymphoid
ACH-000953,0.8774926727176513,-0.4160770762945769,Lymphoid
ACH-000709,0.873264851203909,-0.24339903811735772,Kidney
ACH-000846,0.8567443326162463,-0.5593429422832957,Head and Neck
ACH-001702,0.8657307288864728,-0.3599756635566893,Soft Tissue
ACH-002059,0.870881012718618,-0.5189727913080912,Lymphoid
ACH-000929,0.8431537853597478,-0.3391926315740376,Lung
ACH-000948,0.8630914006675374,-0.5446704502916855,Esophagus/Stomach
ACH-002015,0.867719405732135,-0.38677203704804347,Eye
ACH-000311,0.8808934482262923,-0.373096595752654,Lung
ACH-001834,0.8341636226561013,-0.2659060270765706,Biliary Tract
ACH-000390,0.8527249204184004,-0.3421433843965886,Lung
ACH-000468,0.8354727721389388,-0.21000906302946945,Pancreas
ACH-001061,0.8753740539190055,-0.6604962064898386,Bowel
ACH-000077,0.8760124643836642,-0.4366358130507905,Lymphoid
ACH-000456,0.8422372865609261,-0.4222313575165178,Thyroid
ACH-000496,0.8750118485717995,-0.28948303501885125,Lung
ACH-002512,0.8764700860441713,-0.35973024761344247,Skin
ACH-002464,0.8381792684205271,-0.1772344081108773,Eye
ACH-002004,0.8721267605722217,-0.402194713995589,Skin
ACH-000878,0.852820964470606,-0.3337017354350777,Lung
ACH-001380,0.8708129030476097,-0.5441972844041193,Pancreas
ACH-002061,0.8765877870885406,-0.5324346186521541,Myeloid
ACH-000385,0.8663860883015205,-0.3683224538782515,Kidney
ACH-000427,0.8632276200095542,-0.44868752538481027,Esophagus/Stomach
ACH-000938,0.8513432670922317,-0.589499412507084,Lymphoid
ACH-000939,0.8691346430896304,-0.47427590332413944,Uterus
ACH-000325,0.859525215957876,-0.6321671344406928,Esophagus/Stomach
ACH-000515,0.8466863860380826,-0.44073604613597894,Lung
ACH-001033,0.8827707014166182,-0.4117469130445564,CNS/Brain
ACH-000919,0.8775061691040724,-0.4147139627461824,Esophagus/Stomach
ACH-000863,0.8743637081541402,-0.3713438135993595,CNS/Brain
ACH-000581,0.8661397007819743,-0.29716159697198796,Esophagus/Stomach
ACH-001050,0.8640449360616538,-0.3046471430327418,Soft Tissue
ACH-001533,0.860391181774982,-0.47136651674396485,Lymphoid
ACH-000827,0.8509098133795012,-0.3612438427709723,Skin
ACH-000961,0.8701154851260406,-0.43556696044264726,Uterus
ACH-000778,0.8591994194670624,-0.29430988129429153,Head and Neck
ACH-000190,0.8637599425995547,-0.468301471750375,Myeloid
ACH-001819,0.8663380662754181,-0.3880873137554846,Breast
ACH-001786,0.8706798224001094,-0.3916468536775651,Bowel
ACH-000253,0.841356255010141,-0.4073172610758127,Bowel
ACH-000958,0.8682203413769704,-0.4701808408682411,Bowel
ACH-000228,0.8424604477410501,-0.290916338078238,Head and Neck
ACH-000266,0.8298171584896351,-0.19457784064866868,Pancreas
ACH-001750,0.8453336087014657,-0.49891594232819186,Soft Tissue
ACH-000174,0.873911108404859,-0.3436155108147495,Thyroid
ACH-001279,0.8664705191840147,-0.5553785327999922,Ovary/Fallopian Tube
ACH-000620,0.8451499950722497,-0.5004259631468616,Liver
ACH-001513,0.8525268687944086,-0.36242414189291206,Cervix
ACH-000168,0.8697419804785756,-0.29714507193254214,Myeloid
ACH-000257,0.864432878703895,-0.4603765067848227,Lung
ACH-000211,0.8611196727722645,-0.31269255950012487,CNS/Brain
ACH-002041,0.860579189576521,-0.3138736220417108,Thyroid
ACH-000682,0.818657844005627,-0.4213576216199738,Head and Neck
ACH-000212,0.8716685111728107,-0.3917936795018717,Breast
ACH-000096,0.8804910675892754,-0.449249476649896,Kidney
ACH-002500,0.8737667284570995,-0.5453119391604196,Lymphoid
ACH-001999,0.8426437475008147,-0.37932421601605654,Pancreas
ACH-000776,0.8493407799906969,-0.4092822559796145,CNS/Brain
ACH-000521,0.8571520490339412,-0.307770182140153,Lung
ACH-000025,0.8703694055124265,-0.4401338414065643,CNS/Brain
ACH-000591,0.8516856986639835,-0.3556262904805567,CNS/Brain
ACH-000833,0.8724048489063847,-0.44574623827322446,Soft Tissue
ACH-001628,0.8664504315391092,-0.4130023792134919,Ovary/Fallopian Tube
ACH-000398,0.8677037122595526,-0.5726819406702581,Lymphoid
ACH-000274,0.8555670083031025,-0.33392096827014345,Skin
ACH-001370,0.837735143146441,-0.3084575906897452,Ovary/Fallopian Tube
ACH-000029,0.8556570888357262,-0.49689297826674717,Lung
ACH-001849,0.8714224375227164,-0.5695614334703326,Biliary Tract
ACH-001422,0.8538479453164086,-0.3116169546093703,Prostate
ACH-000588,0.8737601371986147,-0.5430634380025329,Lymphoid
ACH-000849,0.8479067104661024,-0.5976959840058808,Breast
ACH-000219,0.8790522900229063,-0.6490471617125221,Skin
ACH-001053,0.8563695724909747,-0.3841418659343222,CNS/Brain
ACH-001274,0.8499412122517059,-0.4683749288863968,Soft Tissue
ACH-002014,0.8836131270248504,-0.3320348534610304,Eye
ACH-001634,0.8795246635476415,-0.40812390463634146,Lymphoid
ACH-002531,0.8426098496000363,-0.38888008042929983,Lung
ACH-000495,0.8521649773166546,-0.15771094641458347,Kidney
ACH-000911,0.8665552639359605,-0.5873500862777737,Esophagus/Stomach
ACH-000013,0.8616554479262333,-0.5180514014445267,Ovary/Fallopian Tube
ACH-000777,0.8269135521924097,-0.3884392459223482,Esophagus/Stomach
ACH-001765,0.8579800366473971,-0.48963949893895325,Soft Tissue
ACH-000312,0.8682733853142995,-0.5299009149334655,Peripheral Nervous System
ACH-000085,0.855145481629535,-0.2960638567770759,Pancreas
ACH-000436,0.8534223383399698,-0.3771013574850178,Lymphoid
ACH-000869,0.8354529983634844,-0.3483036688834083,Lung
ACH-000489,0.8570315231645069,-0.3726128545778515,Bowel
ACH-000431,0.8552951973579724,-0.49926974436287197,Lung
ACH-000152,0.8503608557085635,-0.31673868840003555,CNS/Brain
ACH-000460,0.8589087763548333,-0.47154885276043534,Ovary/Fallopian Tube
ACH-001570,0.885299233719121,-0.47353944343779947,Skin
ACH-000986,0.8941434471277492,-0.4717885297472471,Bowel
ACH-001335,0.8404984497987783,-0.5752125913257001,Cervix
ACH-000023,0.867719405732135,-0.4807850109183987,Pancreas
ACH-002062,0.8768476709945079,-0.42065897606679425,Lymphoid
ACH-002462,0.8465997580694268,-0.3320753545067413,Eye
ACH-000151,0.8739384150471525,-0.43344326512284775,Lymphoid
ACH-001277,0.8702956461912882,-0.37415548451437314,Soft Tissue
ACH-000607,0.8683521665466637,-0.42156421207448846,Soft Tissue
ACH-002647,0.8557063663396355,-0.4777403778300476,Biliary Tract
ACH-001211,0.8645647038735885,-0.40828388994553766,Soft Tissue
ACH-001511,0.8556213077182383,-0.3036756924021828,Head and Neck
ACH-000113,0.8628757723542533,-0.7353588449058702,Myeloid
ACH-000337,0.8549333058802187,-0.35687180014658343,Lung
ACH-000281,0.8447388260905864,-0.27986872517274997,Pancreas
ACH-000985,0.8779863893650985,-0.4015701006818374,Bowel
ACH-000444,0.8739286850941517,-0.4540578998825934,Lung
ACH-001399,0.8625157640932091,-0.44235259574160685,Bowel
ACH-000127,0.8554857161151248,-0.5844269366820483,Bladder/Urinary Tract
ACH-001961,0.8526747013061362,-0.34878450450826054,Biliary Tract
ACH-001796,0.8656048672363605,-0.27294761723619526,Soft Tissue
ACH-000307,0.8645709812626217,-0.39525587592112965,Pancreas
ACH-002485,0.8628908380879323,-0.4962034286018148,Lymphoid
ACH-000595,0.8419218477620167,-0.34683414864340717,CNS/Brain
ACH-000771,0.8282346287144094,-0.3617344399643316,Head and Neck
ACH-000500,0.8580610149659232,-0.3586129133885226,Head and Neck
ACH-000363,0.8733320192665625,-0.41497611193513384,Lymphoid
ACH-000350,0.8221807147309603,-0.27753242818353807,Bowel
ACH-000053,0.8400053608902343,-0.45498907286285856,Lymphoid
ACH-001543,0.8453471050878866,-0.3518682661463537,Head and Neck
ACH-000663,0.863476204615262,-0.3858091277951777,Ovary/Fallopian Tube
ACH-000346,0.8603710941300761,-0.5883335786713126,Lymphoid
ACH-000970,0.8560230606163518,-0.359021330059355,Bowel
ACH-001333,0.8929997068459322,-0.49321426994291984,Cervix
ACH-000794,0.8332866714081878,-0.38061032980556664,Head and Neck
ACH-000039,0.8693578042697545,-0.35992060906312023,Bone
ACH-000471,0.8582075919998443,-0.31407286446031296,Liver
ACH-000291,0.8662872194242504,-0.3487948477634316,Ovary/Fallopian Tube
ACH-001453,0.8651855376489547,-0.3128264222184123,Prostate
ACH-001458,0.8813316099807976,-0.4930616768849139,Bowel
ACH-000886,0.8513077998441951,-0.4352166692653905,Lung
ACH-000888,0.8558272060785215,-0.5488873229225149,Lung
ACH-000030,0.8514236176718546,-0.4438269577400992,Lung
ACH-000271,0.8720671253764082,-0.562353913000942,Lymphoid
ACH-000549,0.8157856246535664,-0.41815007393396847,Head and Neck
ACH-000478,0.8319043903431157,-0.2644148355807236,Liver
ACH-000775,0.8466575100485306,-0.4663171476505572,Lung
ACH-001442,0.8592665875297156,-0.3065414132072435,Skin
ACH-000559,0.8449538266649675,-0.39541813008354126,Lung
ACH-000510,0.8787054642788317,-0.44355389914889937,Lung
ACH-000676,0.8741606346189216,-0.5054893448661171,CNS/Brain
ACH-002659,0.8643980391947617,-0.5143892527492494,Bowel
ACH-002465,0.8348987049118686,-0.37770363635823895,Eye
ACH-000272,0.8622163326363338,-0.3371087034401093,Kidney
ACH-000959,0.8827223655210641,-0.5044723416152611,Bowel
ACH-000169,0.8452526303829396,-0.5131647593749773,Soft Tissue
ACH-001402,0.8419573150100531,-0.7491523640980712,Cervix
ACH-000796,0.8612166584328248,-0.35944571843905837,Ovary/Fallopian Tube
ACH-000143,0.8808736744508384,-0.4373646339982309,Lung
ACH-000067,0.8423766445974593,-0.3214270271542273,CNS/Brain
ACH-001674,0.8705690264836767,-0.49974033473722984,Peripheral Nervous System
ACH-001698,0.8714086272668436,-0.39103706520547304,Head and Neck
ACH-002002,0.8783978722162133,-0.6253307531386464,Skin
ACH-000469,0.8330355758468667,-0.4498407092383107,CNS/Brain
ACH-001353,0.838679890195911,-0.21706182960820117,Pancreas
ACH-001574,0.884265975484285,-0.5810168524474166,Myeloid
ACH-000097,0.8595352597803292,-0.4164753594424098,Breast
ACH-000256,0.8497171094632269,-0.31683503916568795,Ovary/Fallopian Tube
ACH-000977,0.8745426137415813,-0.6048422874142935,Prostate
ACH-000972,0.88060594380858,-0.40275825669811016,Uterus
ACH-001367,0.874539161177613,-0.483577018882945,Peripheral Nervous System
ACH-000579,0.8850851747530948,-0.4679242774735788,Skin
ACH-002035,0.8612207387356963,-0.5488146358720212,Lung
ACH-001532,0.8856554755467448,-0.589579089394871,Kidney
ACH-000695,0.8589407910389018,-0.3891149147654663,Lung
ACH-001795,0.8472243582782129,-0.2994016370960996,Soft Tissue
ACH-001510,0.880720192288981,-0.34174751335185455,Head and Neck
ACH-000502,0.8522302621625982,-0.37741932722999083,Pancreas
ACH-000183,0.8836407475365958,-0.6040257409744078,Lymphoid
ACH-000408,0.8279700367666674,-0.46997308850555286,Esophagus/Stomach
ACH-001496,0.8593990404383123,-0.41100202680540654,Esophagus/Stomach
ACH-000788,0.8801994828686913,-0.3765937286094986,Skin
ACH-001622,0.8573479035717718,-0.31462000576779964,CNS/Brain
ACH-000466,0.8406908517726405,-0.3538341227637006,Esophagus/Stomach
ACH-001560,0.8495981529410509,-0.4121237715878749,Pleura
ACH-000005,0.8698584260451381,-0.35334290786981504,Myeloid
ACH-001687,0.8460347930564543,-0.33893985415616296,Kidney
ACH-001151,0.8538984782981244,-0.28492548757644753,Ovary/Fallopian Tube
ACH-000701,0.8549584154363509,-0.3352729641562658,Ovary/Fallopian Tube
ACH-000542,0.8823523134375674,-0.37210735112790705,Ovary/Fallopian Tube
ACH-001685,0.8684811668912924,-0.3370162521221159,Lymphoid
ACH-000015,0.8746634534804671,-0.5672329123787399,Lung
ACH-001111,0.8992180884220465,-0.44001942247652753,Lymphoid
ACH-000487,0.865395830181561,-0.6557768297092585,Myeloid
ACH-000288,0.8623808002289991,-0.45228166778211154,Breast
ACH-001820,0.8632687369077205,-0.4500839816444663,Breast
ACH-000782,0.862389902443097,-0.51883519422553,Lymphoid
ACH-001632,0.8679654793822298,-0.2791224753339876,Ovary/Fallopian Tube
ACH-001031,0.8764999036420784,-0.5122922952924518,CNS/Brain
ACH-001048,0.8445614898504036,-0.4190604434774934,Ovary/Fallopian Tube
ACH-000791,0.8250843210281861,-0.2585805670472213,Lung
ACH-000567,0.8816370049572543,-0.5554765786382628,Lymphoid
ACH-001391,0.8708863484992961,-0.2579520937590678,Breast
ACH-001075,0.8497299781107444,-0.3696721033897203,Lung
ACH-000557,0.8667868995912793,-0.300021627383404,Myeloid
ACH-001356,0.846532903876225,-0.2406966052264324,Thyroid
ACH-001844,0.8495840288157268,-0.4450055340620031,Biliary Tract
ACH-001346,0.8542575449508136,-0.3445446776425501,Head and Neck
ACH-000885,0.8635138689494603,-0.6550881983249309,Ovary/Fallopian Tube
ACH-000900,0.8816730999441942,-0.6363129077510177,Lung
ACH-000666,0.8596589243442796,-0.4266091183404743,Lung
ACH-000217,0.853599988449604,-0.5617709750182455,Liver
ACH-000872,0.8593635731902758,-0.32554863791251337,Lung
ACH-002020,0.8539599967106483,-0.42711957349933033,Cervix
ACH-001228,0.8577970507570845,-0.31441640311301233,Head and Neck
ACH-000181,0.8270469467093612,-0.3415421553673043,Head and Neck
ACH-000115,0.8616174697225834,-0.3093016291185434,Prostate
ACH-001711,0.891270286167334,-0.41364970268946116,CNS/Brain
ACH-000934,0.8650063181920618,-0.3160052327051039,Breast
ACH-000996,0.8664714607923697,-0.3859484141220871,Uterus
ACH-001529,0.8741534156215338,-0.6653711205413618,Uterus
ACH-000320,0.8764700860441715,-0.3262001149935575,Pancreas
ACH-000505,0.8344596015490087,-0.22093113463564648,Soft Tissue
ACH-000781,0.8660493063798991,-0.47248162383517606,Lung
ACH-000920,0.8518529910817133,-0.3972450218196058,Myeloid
ACH-000294,0.8849972913066322,-0.3062828303696258,Myeloid
ACH-000422,0.8471330222677822,-0.3778614046813822,Liver
ACH-000200,0.8432083986443354,-0.3227351109929112,CNS/Brain
ACH-000968,0.8703179309223557,-0.6150158178910553,Skin
ACH-000114,0.8280610589076464,-0.24369672805988069,Pancreas
ACH-000402,0.8849084662518149,-0.4738867692313228,Lymphoid
ACH-001578,0.8736678595798292,-0.5069291631186419,Testis
ACH-000036,0.8375973544571662,-0.2552890547096044,CNS/Brain
ACH-000973,0.8847477650925695,-0.47310620553872273,Bladder/Urinary Tract
ACH-001128,0.8680043991942343,-0.41442894797224145,Soft Tissue
ACH-002669,0.8635038251270073,-0.4136013775323465,Bowel
ACH-001858,0.8453857110304397,-0.4252435644762222,Biliary Tract
ACH-001997,0.8572104287519484,-0.2254787876793342,Biliary Tract
ACH-000052,0.8619737115502075,-0.34462585729353434,Bone
