,0
ARV-825,-0.13334598750692642
docusate,0.07338890256968511
W-54011,0.044011821793357594
ibotenic-acid,0.07733976803128004
Oxamniquine,0.03075059757165298
MRS-1334,0.02520048375060587
polymyxin-B-sulfate,0.09189646026971567
P7C3,0.07246050134297743
TC-A-2317,-0.06475315454978646
tetrazol-5-yl-glycine-(RS),0.05939199093331394
wiskostatin,0.05554177098846428
4BP-TQS,0.06758738538698766
propylene-glycol,0.10360641799663999
dihydroxyphenylglycine,0.05100746213086229
DMPS,0.056488605549659586
casin,-0.013203046311828052
GGsTop,0.049106593538215795
tenofovir-alafenamide,-0.01795766425481263
ML141,0.07576463979225362
RP-001,-0.0027404647139378326
A12B4C3,0.08004113185556132
mitotane,0.08948776643348125
RU-SKI-43,0.06679323360903798
1E-1-(2-hydroxy-5-methylphenyl)-1-dodecanone-oxime,0.1068250874366611
octodrine,0.0839999096105863
BQU57,0.042619179354169465
"4-phenyl-1,2,3,4-tetrahydroisoquinoline",0.05146679550330561
beta-hydroxybutyrate,0.13433726206631308
UBP-296,0.06928029621335115
2-Ethylhexyl 4-(dimethylamino)benzoate,0.08071345854429227
LY404187,0.01190228512566932
ATB-346,0.11892912946289508
BW-B70C,0.08114116006013593
zileuton,0.06168169725172498
ITD-1,0.028123113544391176
allicin,0.0897913463212672
seratrodast,0.0739564144708601
RBC8,0.02882830501186037
sodium-ascorbate,0.017327802217945255
DQP-1105,0.11002860948119476
azapropazone,0.14963637190636098
OXF-BD-02,-0.11477528193417777
antimonyl,-0.04678690169321414
NKY-80,0.0635825077568686
CIM-0216,0.04572093701730082
D609,0.005460089495249186
CCG-1423,0.08167396727150568
nisoldipine,0.06093598596017278
SR-3677,0.047312084511873576
3-MATIDA,0.11229274081563664
avadomide,0.04658453845991989
GPi-688,0.08037160445228088
CaCCinh-A01,0.06391211893616497
trofosfamide,0.03673690736432467
mandelic-acid,0.10603514821480735
ISO-1,0.0641452968076317
cicloprofen,0.10428494884073425
fumagillin,0.011641517555397775
PF-05175157,0.043862683050654314
caspofungin,0.0767536024382828
SD-0006,0.07750457814544678
JNJ-38877618,0.16751097124496958
GLPG1837,0.06239873986003918
FN-1501,0.048835499991812886
PF-05180999,0.10768963244887726
IDF-11774,-0.03457175605737685
PLX51107,-0.14790684752814395
AZD7594,-0.0056149366194803265
GDC-0927,0.012685700438619048
INCB-057643,-0.16166115781643456
desisobutyryl-ciclesonide,-0.0432131522108818
IACS-10759,-0.1226883572811804
AZD4573,0.06484579626322819
LXH254,-0.06991905079726338
ABBV-744,-0.143899617148358
AB-423,0.07609696421588562
BMS-986195,0.027285073162076415
BOS-172722,-0.14820435272352422
GDC-0575,-0.02556536698920014
O-304,0.04852591304436209
C188-9,-0.0849047178689152
ETC-206,0.08706012613299091
CC-90003,-0.040422239114663194
ceftobiprole,0.1161393157006781
retagliptin,0.024658952081950215
pradefovir,0.04575892688988315
BI-409306,0.035572796746422296
GSK369796,0.013943543753807297
prinomastat,0.03665497110282729
resmetirom,0.007480051770808575
trodusquemine,0.0428740485915832
sulfatinib,0.10366710014721922
G-749,-0.1250815018500598
pimodivir,0.09229243326433488
beclabuvir,0.09172466047548736
crenigacestat,0.09662179126966901
epetraborole,0.08842109227588711
LY2510924,0.07772085588279379
LGD-6972,0.014307767500318718
velpatasvir,0.03639893764484483
deslorelin,0.08916929381707477
alisporivir,-0.007613038703309819
mitapivat,0.06556745025853981
lotamilast,0.04864881981489514
asivatrep,0.023866084493240052
etrasimod,0.07517923801216017
hPGDS-IN-1,0.05983097602068942
vixotrigine,0.06729976174020838
dasotraline,-0.028259690662555074
BAY1217389,-0.16876371090318806
atuveciclib,0.0013935969709687297
PF-05089771,0.020924930232715126
MIW-815,0.04885297368260825
S49076,0.06788312602011776
batefenterol,0.0784590882649633
Ro-5028442,0.0627467511655164
segesterone-acetate,0.05523649027500653
olodanrigan,0.040248099443163425
AM211,0.1284891592246579
imisopasem-manganese,-0.02116009661095957
TAK-779,0.0621392496698538
eribulin,-0.18139936111716226
Debio-0932,-0.027698930877522374
abarelix,0.058932599625638876
banoxantrone,-0.1761693343431878
belotecan,-0.0038110563027518992
buserelin,0.06040806026879559
crolibulin,-0.17247758959565956
oglufanide,0.1270495045541293
sardomozide,-0.02904263050796738
GSK189254,0.06539912006890987
macitentan-n-butyl-analogue,0.06372038793638649
BMS-582949,0.05125311315722812
RAD140,0.09243838518501768
pavinetant,0.10110240974650876
DWK-1339,0.05476241121712495
E7820,-0.14301058035338773
SJG-136,-0.0314666965864032
soblidotin,-0.21789147669785378
rolapitant,0.010345739553491858
karenitecin,0.019033771952381668
indeglitazar,0.006885457635758327
lasmiditan,0.041687059237517546
verucerfont,0.03748557317657976
cenicriviroc,0.011938243039613512
gemigliptin,0.06254616677378237
succinobucol,0.009876327755052277
ozenoxacin,0.03448981702570826
EMD534085,-0.13066920086762712
SSR240612,-0.014110561833046088
guadecitabine,-0.12052607174884757
capromorelin,0.08210391386299484
BMS-911543,0.16135291141392116
MK-0557,0.04860980795549633
fostemsavir,0.11353252336396925
PSI-697,0.04210043735399294
MK-7622,0.042760944675865276
LY2795050,0.006255879922968623
ONO-4059,0.060560934808458255
revefenacin,0.05695378220705751
MK-7246,0.08052656745510431
tenapanor,0.10548126921922178
citarinostat,0.11055697854538954
BMS-214662,0.13613481027555635
celgosivir,0.04179461764000597
D-3263,-0.10589014091518134
emiglitate,0.09867058651189155
ethynylcytidine,-0.07355182140031423
imirestat,0.08884966347182562
JI-101,0.09637583843910551
osilodrostat,0.06156851784584828
lurbinectedin,0.07605885872031892
omtriptolide,-0.057775152410784084
PCI-27483,0.094900293387431
sapacitabine,-0.13146114545454488
squalamine,0.05599247398816935
relugolix,0.12610438691485878
transcrocetinate,0.0780694415796247
upamostat,-0.043914289709694174
acumapimod,0.11819730203046956
basmisanil,0.060811212973257124
tradipitant,-0.22033406520588691
amiselimod,0.04836703647963634
avoralstat,0.10493696963282026
eleclazine,0.0446943800579056
emeramide,0.09531739520376079
ralinepag,0.08354263869444582
seletalisib,0.03759630624455641
verubecestat,0.07871902227831781
asapiprant,0.07787975122694651
doravirine,0.0589253817299012
fevipiprant,0.02953327930243723
valbenazine,0.006744509832636293
vericiguat,0.07551369042634806
veledimex,0.005738365486621091
firsocostat,-0.16551116117521095
mavatrep,-0.19048403340598669
sitravatinib,0.04410644601422014
fluralaner,0.04121330594497446
eravacycline,-0.014211232371678127
sancycline,0.07938720318371914
pantoprazole,0.03204545926483182
amcasertib,0.0879594013499055
belizatinib,0.02458008972292296
bexagliflozin,0.09794656126384355
bictegravir,-0.006904759232064139
cenerimod,0.06670686882414806
cenobamate,0.05190767526167293
evocalcet,0.009055950644813805
pemafibrate,0.01810688812302966
sacubitrilat,0.06772144687281541
sparsentan,0.025249881356942398
tavilermide,0.06258649833249545
acebilustat,0.05264187794234251
avacopan,0.04597918045485429
cefiderocol,0.04874139905417382
edasalonexent,0.10158319737494309
edonerpic-maleate,0.07092122261595639
glecaprevir,0.08041200664440032
leniolisib,0.05140680200470017
nicodicosapent,0.06567638256811757
tenalisib,0.09785371814237256
zoliflodacin,0.024248885913082847
omapatrilat,0.08151135592503092
udenafil,0.10857271893827611
ombrabulin,-0.1735349243450043
LEQ506,0.0566837095393731
galidesivir,0.06343404020384966
JD-5037,-0.08382561113611436
dextrorotation-nimorazole-phosphate-ester,0.09021652485764808
cbl0137,0.03240174264729193
selonsertib,-0.05462150885332224
lifirafenib,-0.06265009496579937
CCT245737,-0.03890482416795494
vatinoxan,0.08164749883775298
TCV-309,0.09777476647494947
PF-06282999,0.04043695284911854
PIM-447,-0.13057274718032114
ferroquine,0.07552613285247112
esonarimod,0.08072275963021272
roluperidone,0.028499200578646113
seladelpar,-0.02775150578354054
nemiralisib,0.08535297097468388
upadacitinib,0.11550846207364597
fezolinetant,0.07377632053289562
glesatinib,0.005842954258352246
tecadenoson,0.10091939373966034
emixustat,0.050486180109077
BEBT-908,0.04634199255156556
GSK2981278,0.03794544524608809
mertansine,-0.18699282803088593
avitinib,0.06169635359409591
elacestrant,-0.06952907349093652
PF-06650833,0.059229948020203906
AZD5069,0.03094552633903478
setmelanotide,0.10696271424313793
F-16915,0.06892098724145028
LTX-315,0.05067975711244029
ASP-9521,0.03435274617847521
adomeglivant,0.03876384715665705
acoziborole,0.07225668857207819
MK-1064,0.08675397910710336
BMS-779788,0.05150369909482798
vaborbactam,0.05846740440404605
COH29,-0.11015211351610406
TD139,0.021017230411955287
GDC-0084,-0.017918619505261215
derazantinib,-0.004107719937674395
PF-06459988,0.026274856749330028
sultopride,0.05477913383783435
trabectedin,0.008245111668263347
furagin,0.11407753782430805
nelociguat,0.1082001791265959
eldecalcitol,-0.08368098942389707
pipofezine,0.0659669381029433
decloxizine,0.038890028992164975
felypressin,0.0764983984442231
ceruletide,0.07813662624538675
dalfopristin,0.0513503842832088
sugammadex,0.09697590724164991
topilutamide,0.05885814666284481
ginsenoside-RE,0.1520319144700932
hydroxysafflor-yellow-A,0.05217489332961038
madecassoside,0.04938582623697658
ingenol,-0.020627558379806864
afamelanotide,0.058220328843911436
NIM811,0.10121428713044267
argireline,0.031156821357197308
ornipressin,-0.0771729909096679
sincalide,0.07308576135854715
iRGD-peptide,0.048242860448793605
tuftsin,0.06383984427620504
ALX-40-4C,0.07993502284558385
triamcinolone-hexacetonide,0.048804362254875104
dixyrazine,0.04781794480991319
JPH203,0.046167110859017
ketohexokinase-inhibitor-1,0.022558004849146236
aticaprant,0.05134711597582759
VLX1570,0.07227645166928018
incyclinide,0.03923899606199023
minocycline,0.07060322135136249
demeclocycline,0.050316655446539245
COTI-2,0.04718720882036439
tigecycline,0.08365691898499719
methacycline,0.01957364655960199
tetracycline,0.08463028771834497
chlortetracycline,0.06982755291666996
cinobufotalin,0.05682962335256996
fucoxanthin,-0.02138005155770375
mivebresib,-0.14052782676262157
BAY1125976,0.06959948950695877
rogaratinib,0.07561637895027944
BAY-1436032,0.04837883921220738
CPI-1205,0.05167568509547881
tomivosertib,0.0632553734460309
mitoquinone,-0.23748945611843386
delpazolid,0.1024524600639422
GSK2239633A,0.05935809143571567
AQ-13,0.04071906831659601
linaprazan,0.06846894976104739
uki-1,0.03025961836979704
BFH772,-0.009360613628603777
eltanexor,-0.021130665967021796
cadazolid,-0.011077451256693861
paquinimod,0.030407217888372473
CGP-25454A,0.06977741431949223
GSK3179106,0.03348617519097008
esaxerenone,0.05235459244071161
visomitin,-0.19255696874520017
TAK-243,0.024132370510347913
fisogatinib,0.07038646976378017
FT011,0.056306767823572766
GSK2256098,0.08990419435649949
GLPG0187,0.08333099076383325
MSDC-0160,-0.007906680010137645
nicainoprol,0.053019642357040875
urolithin-A,0.03732197563339516
fosfluconazole,0.10264636735989478
IPI549,0.0036928396810270497
HT-2157,0.04313994502311106
lanabecestat,-0.020623636410949407
CXD101,-0.14625697626539988
HTHQ,0.07396134619612343
YL0919,-0.009144696433142868
PBI-4050,0.043016742858881046
futibatinib,0.05814910809111428
BGP-15,0.01527497312634256
ABX464,0.041010325140010497
bisantrene,0.05496189155895128
CEP-40783,-0.0750294945448988
MK-8617,0.06236432237591548
AZD7986,0.05780566882759633
ocaperidone,0.024048270156483663
PF-06840003,0.0858374654743601
THK5351,0.05017625176138177
T-807,-0.010749094716832214
JNJ-39758979,0.08128854163088055
CYC065,0.03372403431632527
evobrutinib,0.0736014659874586
milademetan,-0.09404277042806683
vadadustat,0.033935793015129063
iberdomide,0.044275787712829716
CFI-402257,-0.1400476525660731
GAL-021,-0.01293272913346966
bamaquimast,0.08389976130722611
trilaciclib,-0.08424001179379115
zanubrutinib,0.11386642977361001
emodepside,0.10108717298956252
iclaprim,-0.01653325305511132
LY3214996,-0.02621907991908721
MRX-2843,-0.07686553523787978
BMS-986205,0.06862249570101736
avapritinib,0.05663886481204026
GDC-0077,0.07917468186445557
GSK3326595,-0.03298926357802997
BAY-1895344,-0.007206921590069841
BMS-986158,-0.1444756935036393
roblitinib,0.020868418995523483
LXS196,0.02777685648847099
peposertib,0.0615960491853378
ilaprazole,0.0007672788886138243
pagoclone,0.043044528860578884
GSK2982772,0.034619937211764346
PRN1371,0.0357159796617279
ziritaxestat,0.13875726649562448
EDO-S101,-0.07586561730922106
veralipride,0.10833849752751858
miridesap,0.10515305159165121
AVex-73,0.05333344589813591
AVN-492,0.11777764543945983
BTK-IN-1,0.050938015956696024
CM-4620,0.07726467382437338
XL041,0.07874357231618825
selitrectinib,0.047663125928219446
CPI-444,0.04799073001231292
AZD4635,0.0059966719700554555
BT-11,0.08654490834559023
vaniprevir,0.044942341774723144
LY3200882,0.11315579847743738
repotrectinib,0.06463170832000906
zuranolone,0.03173034840078429
E7046,0.03298681464911896
AAI101,-0.0019213596541696248
LY334370,0.049135484593707666
desidustat,0.023585809265291455
CT7001,0.06155949017516651
seclidemstat,-0.16594768672879381
S-38093,0.012889587476037613
asciminib,0.004106669653746172
IDH-305,0.008003486354119292
cintirorgon,0.0648687831468777
dilmapimod,0.050005176584599374
vorasidenib,0.07305664060931119
pamiparib,-0.05389124929986297
lanifibranor,-0.0142409267034242
pyrotinib,0.11456334443437542
pocapavir,0.11256893015626668
fantofarone,-0.06388068258100023
nelotanserin,0.09114960359873604
temanogrel,0.08840463048450002
delcasertib,0.05836930915011124
larazotide-acetate,0.05267700630467685
Neu2000,0.0827602360176413
rislenemdaz,0.11829870570102229
voclosporin,0.142955829717553
pridopidine,0.06608084819334115
letrazuril,0.11363732931259274
S-3304,0.07149878118143042
ningetinib-tosylate,0.13746204160784398
asimadoline,0.06687008458365694
epristeride,0.045545253538691925
AX-024,0.120071576801233
tropifexor,0.04986959681367836
PAT-1251,0.052747295683939106
MK-4074,0.06096998737962456
GSK656,0.08484241480796607
mirogabalin-besylate,0.02758037944142185
SB-649868,0.10945768565934252
DG051,0.03732302995902247
tomeglovir,0.08940798243753395
sultiame,0.058865677579571105
gamithromycin,0.06937307713898347
NGP555,0.0754244234322559
morphothiadin,0.04725370114556603
apararenone,0.07356102789997962
padsevonil,0.13984271588352137
rosiptor,0.028865782855894775
baloxavir-marboxil,-0.0348893139191489
baloxavir,-0.0018318816839216344
mavacamten,0.09099828557023557
tapinarof,0.014675353803135274
adavivint,-0.12358339754869455
delgocitinib,0.11809064102922409
lazertinib,0.08628664158192119
rovazolac,0.036226209623145204
vecabrutinib,0.03749629628563854
licogliflozin,0.11859491672417669
nemorexant,-0.006017320155781527
risdiplam,0.07152472100359215
farampator,0.03595411412416752
ASTX660,0.09075806947098773
AZD1390,-0.009334443813078038
FLT3-IN-1,-0.07081971051686657
CA-4948,0.07118473057864987
BMS-813160,0.03640266584816315
fondaparinux,0.09126526800494959
diquafosol,0.08619263113465392
AZ7550,0.0025415668767124655
emamectin,0.097607611478177
4-(aminomethyl)benzoic-acid,-0.011578324513666622
methylbenactyzium-bromide,0.07957286297498399
glycerol-phenylbutyrate,0.11632987032562313
lucanthone,-0.06905897591160333
bromisoval,0.108508760343485
tauroglycocholate,0.04726610737554037
apronal,0.029351692273337983
hydroxocobalamin,0.06855288145798848
uprifosbuvir,0.04472603358996267
sofosbuvir-impurity-m,0.07047159405653626
AZD5153,-0.16011760088064592
cloperastine-fendizoate,0.08882230848639203
pirmenol,0.09430871268742058
acelarin,-0.09674415235042248
inarigivir,-0.06533900731492041
BAY-1251152,0.050162773445871625
methylcobalamin,0.022724697732087906
polaprezinc,0.044387232391279334
chlorphenoxamine,0.03420137291097676
ACT-709478,0.0777770284547344
omadacycline,0.11746375992951415
encorafenib,-0.02372507334685775
HOKU-81,0.05063243969702394
sodium-nitroprusside,0.04504738110023491
imidurea,0.08684220775653355
HPPH,0.03528253078078636
PF-06409577,0.022447462407663817
atractylenolide-i,0.06454797668075787
ganoderic-acid-a,0.09593294236334762
NAS-181,0.043504875071503794
SCH-221510,0.05327525437082078
efonidipine,-0.04270134771699511
TCS-2002,0.037576262627201804
NS-309,0.09903250001971559
ML213,0.06520332605143737
SSR180711,0.08788621350545353
atropine-oxide,0.07022995146890348
rosamicin,0.10020586402940379
crisdesalazine,0.09497440705872642
perfluorohexyloctane,0.07916411727011052
prisotinol,0.04763372036828817
NS-11394,0.0788657162200494
irganox-1010,0.07337534200822825
BMS-626531,0.07405510327034963
efletirizine,0.06663826492208225
sameridine,0.041683172961556346
SAM-315,0.086916174049525
lodenosine,0.02673926556318145
HBED,0.029921844958963953
WAY-255348,-0.02688450848224847
MK-0608,0.052676525321011206
convallatoxin,0.07570669734036897
pipotiazine,0.022193560000222424
E-2001,0.048834386960239694
deazaguanine,0.04774344408680689
napamezole,0.10622869003169794
tetomilast,0.009007685305122436
LY311727,0.08426063454952529
febuprol,0.0692655513510955
florifenine,0.013802706525850984
eniporide,0.06648131251578657
ICI-169369,0.09003129929087997
DSPC,-0.02999015424703034
fasoracetam,0.06777056310942972
Ro-48-6791,0.09234763239113536
RG7834,0.03659453258349934
aripiprazole-lauroxil,0.005978400246868593
JNJ-54175446,0.07310335268682586
clamikalant,0.06909803165388496
vapendavir,0.0730136043360706
KAF-156,0.04427875778020946
RV1729,0.11279396462758798
velaresol,0.03851804282209063
pirozadil,0.09036940427505202
sufugolix,0.022877992976399763
AC260584,0.13411245905418134
remetinostat,0.08289171430294752
soraprazan,0.06753436707814764
BMS-986020,0.04109536079436502
KR-33494,0.119930608906228
centanafadine,-0.025090943069588496
gefapixant,0.08300574122045785
RG7800,0.025821554280814674
BMS-986142,0.06445993859802968
PI3Kd-IN-2,0.1198077953736155
BW-348U87,-0.1815415491010086
parsaclisib,0.08601519761362049
cilofexor,0.09861274207449386
telratolimod,0.014540230007546248
RGX-104,0.015398662449347164
PF-06751979,0.08233488180005114
PRN1008,0.03755629140214464
JNJ-678,0.02861558929486052
HC-070,0.10373231655817844
thymalfasin,0.014278986373040953
ABX-1431,0.11989057596574187
PRLX-93936,0.18982646894339938
AZD3839,0.04213097710528124
monepantel,0.08570696036554482
sograzepide,-0.010413215731503193
elacytarabine,-0.02198152145959809
entasobulin,-0.050666442629566155
olumacostat-glasaretil,-0.023668999196267977
verdiperstat,0.06445670196786951
GM-1485,0.04243711163215501
GSK3117391,-0.1545528334293932
PBT-1033,0.10682969953635471
PRX-07034,0.021337499188504597
imidazoacridinone,-0.09135839780464756
S-17092,0.05334362172664597
centhaquin,0.04392174256169721
ZD-0947,0.08444066157556748
MM-206,0.023969533086286472
Ro-5263397,0.10843867345037776
CJ-13610,-0.018487756108076375
cipamfylline,0.05469110999079263
CGP-39551,0.08548403418264691
tipelukast,0.028623389564910034
pralmorelin,0.0690832817232809
val-tyr,0.10196219554376049
T-1095,0.04203717553506471
PF-02413873,0.03452501778034004
PF-4191834,-0.05969674260315526
BMS-207940,0.027283815345908336
PF-04995274,0.05705537593086516
DpC,-0.1651877491373752
PF-06273340,0.07616917553258526
ormeloxifene,0.0839529748752921
NN-DNJ,0.06570448887759991
PHA-543613,0.08664029605300588
PF-514273,0.08214357546355336
EF5,0.06256622091357764
PF-06260414,0.018331792893111522
rimeporide,0.025316771839779973
aramchol,0.08014382937852176
NB-001,0.020865564809156696
PF-06747775,0.09648892425674907
E3330,0.05482140189050404
SGS-742,0.0466298152771628
talsaclidine,0.03168303619900382
PF-06412562,0.0812613130780047
S15535,0.10981875325994392
"CP-105,696",0.07474690216279183
BMS-770767,0.03017428594918579
denopamine,0.07931751150026455
motapizone,0.00011929782266421013
etrabamine,0.04953631717613972
dapansutrile,0.02335566450204196
MK-1903,0.09127608160438018
declopramide,0.11262009067490729
nemazoline,0.09965390512165356
tinazoline,0.0332627886830889
NDD-094,0.06626118510878694
SY-640,0.125721593360243
triciribine-phosphate,0.08786753250052044
ciluprevir,0.09950035912023408
freselestat,0.05533914629574024
cangrelor,0.006532255616532643
naxagolide,0.038890629863549235
panipenem,0.07887504712634558
brincidofovir,0.04123928573071941
LP-533401,0.07060431628486132
verdinexor,0.02699984632971084
LSZ-102,0.025246225545921513
rilapladib,-0.046309282532923865
2-fluorofucose,0.032365523225699334
DOTMP,0.09218002612447984
5-fluoropyrimidine,0.09031288398882319
bevenopran,0.0313922411084828
5-octanoylsalicylic-acid,0.09155037601939271
taminadenant,0.014871757791624828
MS-424,0.10229575623313748
squaric-acid-dibutyl-ester,0.11201775978515485
TS-011,0.09744859274780569
NPS-2407,0.04423279772037018
pelrinone,0.011777792163444977
evenamide,0.11735951502119585
GSK239512,0.017719878900897972
SKLB-1028,0.14268971563215158
megestrol,0.03466636374109801
furvina,0.027493164821077075
sultamicillin,0.05453987729478436
monomethyl-fumarate,0.07240824525087663
leonurine,0.05640923644455022
alovudine,-0.023855723345668482
trabodenoson,0.07588382319413829
J147,0.05623380276073365
CORT-108297,-0.020631117044504464
KPT-9274,-0.05384623239875737
funapide,0.0553266639305093
MSDC-0602K,0.053336952586244005
DBPR-211,0.05968440238831516
AQW-051,0.10501983166628125
ST-1535,0.036978099242558723
solriamfetol,0.011904114545353886
OP-0595,0.012700966164342398
alinidine,0.09529917494634339
R-1487,0.06267213842037084
GSK356278,0.08422485465651394
PF-06305591,0.04834842093731292
sulopenem,0.03806946533239384
vedaprofen,0.006204094407516843
butaprost,0.07247639176139992
radotinib,0.027691576682070417
R-121919,0.012146401997048133
alanosine,0.05553154318131092
CP-547632,0.12513424868778442
acolbifene,0.01392310912847504
BMS-935177,0.076914670326594
LY3295668,-0.1421141895134664
HP-228,0.07334437379212602
flurbiprofen-axetil,0.11711875467140671
voruciclib,0.06373287775767637
ametantrone,-0.07397378289947835
simurosertib,-0.09230617932570115
allopurinol-riboside,0.026263086987487805
manitimus,0.09082673165547057
ABT-072,0.05611460055605694
Gln-1062,0.03665083579895287
camobucol,0.04511983863901684
NSP-805,-0.0005142474518100621
AVE-3085,0.06227700793308886
BIA-10-2474,0.11710186074452071
betamethasone-butyrate-propionate,0.0034202422451938613
nitroflurbiprofen,0.03837209830010715
apyramide,0.023826033454679565
hepsulfam,0.0008521720220284471
parcetasal,0.0684760203527904
estradiol-3-O-sulfamate,-0.017922108768634402
lusaperidone,0.044380437994526276
nuvenzepine,0.0364963783540665
lintopride,0.0987332275356149
HSR6071,0.06186132526669654
YS-201,0.09522571688009275
KME-4,0.10582246244046199
CI-953,0.12284641272123928
NCX-1015,-0.022789796891221927
PF-06873600,-0.13399786829944801
inarigivir-soproxil,0.025707210647003032
INX-08189,0.04934799221252529
talaporfin,0.08662861384054801
amenamevir,0.09868289046825052
acetylspiramycin,0.048109676719572364
alpha-glucosyl-hesperidin,0.08830437170314386
TP-3654,0.09578525302752619
tulrampator,0.049417669798814436
ripretinib,0.04670380020514982
TEN-010,-0.09272018125185276
FK-409,0.07224101563968172
CCT196969,-0.13387082781056517
KM-0118,0.08702792965870304
CK-101,0.07288470985047285
salvianolic-acid-A,0.05308186022812831
WP921,0.05408279052540155
LY2828360,0.042789140559860786
MIK665,-0.10346397652590533
AZD5991,-0.125371478246506
PF-06928215,0.045083488656663145
scabertopin,-0.018564932287027547
radiprodil,0.08332376058312611
levamlodipine,0.05537074179061506
AUT-1,0.03961676621716072
BAY-8002,-0.016559937118964557
calcitonin,0.05401258175895324
H-151,0.028040694913752023
guancydine,0.03673613401835276
CycLuc1,0.03915650503905363
PZ-2891,0.07398859284707364
DIM-C-pPhCO2Me,-0.07300407569991961
VL285,0.003953878585299249
A-381393,0.056464091707937855
SBI-115,0.05168426358272584
ogerin,0.09293261644870003
trifloxystrobin,-0.12158985846170195
reynoutrin,0.07474628682826355
DCP-LA,0.06279278018406004
20-HETE,0.10423872782590561
betamethasone-phosphate,0.03986172126543537
pyrethrins,0.01569862825088759
AMG-510,0.05226724780307362
RMC-4550,0.14240132281721196
bafilomycin-a1,-0.026938440743843706
PTC-028,-0.12057476461791533
RAF709,-0.037707972123032035
KB-0742 (dihydrochloride),0.10268481099031737
BTS-71321,0.06745101471254347
PDD-00017273,0.04676252771795101
emricasan,0.07637244405476877
Latanoprostene bunod,0.03420331517254646
Netarsudil mesylate,-0.027261548339921206
CBP/p300-IN-4,-0.1187409179714771
Mobocertinib,0.08508815554928384
flutemetamol,-0.008368159271117441
Lefamulin,0.016479309846862956
Pibrentasvir,0.06565926055507486
Macimorelin,0.06738839394735598
Remdesivir,-0.05752931842554196
Ensartinib hydrochloride,0.048151333844521166
Artelinic acid,0.14939184366723354
SAR-260301,0.08820283861214549
Alofanib,-0.00020513546971310127
H-Val-Pro-Pro-OH (TFA),0.0764345722699172
Alminoprofen,0.10027997717403449
Dusquetide,0.07383919384447683
Pexacerfont,0.11751071633951166
Tildipirosin,0.059969018965785555
GW7604,0.02043011518887775
Dabuzalgron,0.05623834741158159
RP-54745,-0.12230046705936423
Seltorexant,0.07075816483431961
GSK2245035,0.0779186975615786
TAS-116,0.009435843552000646
MHP,0.09282201014240406
Neticonazole,0.0988345603488737
Etidocaine (hydrochloride),0.043783088250613014
Imrecoxib,0.12079279654259083
Teglicar,0.032827680302157325
Olanexidine,0.012645406013953997
Spirapril Hydrochloride,0.08535675738186585
AZD 4017,0.05085281615420142
Tepilamide fumarate,-0.017839946399154365
SR-31747,0.03716860683800389
Rupintrivir,0.11229097179492067
Finerenone,0.02504874344241349
Echothiophate Iodide,0.012911025474845017
AZD1940,0.08664794182596733
Pamicogrel,0.10092513768511797
Recilisib,0.08745541595936202
LY2562175,-0.0022437910734483014
Melflufen (hydrochloride),0.08321166804730908
Fedovapagon,0.07056829932106563
Adriforant (hydrochloride),0.04296583513620765
PF-03463275,0.09521743362973817
Iomazenil,0.11800990033544864
ABT-418 (hydrochloride),0.09900923351662892
Tipepidine (hydrochloride),0.0744637777496837
Cenisertib,0.07586528617399692
Ansofaxine hydrochloride,0.06497648783230643
Aleglitazar,0.03466544963626145
Lonapalene,0.019547921103355834
SR 146131,0.015189871649370523
AZD5423,0.02536599764579764
ZD-4190,0.1446395693398852
Brofaromine,0.035768398397277405
NRC-2694,0.155820184892688
PF 04531083,0.0788810831719361
CE-245677,-0.09071380541677841
MK-0429,0.13189448174866458
SDZ-MKS 492,0.08303140689040489
AZD2098,0.09699369627772353
Febantel,0.0410883677958578
Evogliptin (tartrate),-0.07646973973634946
Rimacalib,0.032628375355844445
Laflunimus,0.1443665921894105
Mapracorat,-0.0034519996995097646
Oteseconazole,0.06539721684864683
Frakefamide (TFA),0.05533476180509881
"N-(2-bromo-6-fluorophenyl)-4,5-dihydro-1H-imidazol",0.0848571562270167
CCR2 antagonist 3,0.06172395800240041
EPI-001,0.05261855281568224
LY2940094,0.04684928386596338
Ilorasertib,-0.07009230159954881
Trifarotene,0.10497739995511857
Bimosiamose,0.08418160132356568
Gemcabene,0.11574137076837215
BAY-85-8501,0.11311656808756926
Difelikefalin,0.13180092173589975
"2,4-Dihydroxypyrimidine-5-carboxylic Acid",0.08317787817542395
AR-9281,0.07062866124551846
Fulacimstat,0.057582239399166214
Epitalon (TFA),0.06682052425146304
SAR125844,0.0907271545019676
Navoximod,0.118728742752064
Etelcalcetide (hydrochloride),0.06085360928970988
GLPG0974,0.05719725023009104
Gemilukast,0.11893481925467198
4-CPA,0.10281277206128053
Nepinalone (hydrochloride),0.1171372718007963
Decoglurant,0.08268232249188578
Islatravir,-0.07065319601037559
E1210,0.09034678318503635
Carcainium (chloride),0.09210164461069081
PCO371,0.047976359934294374
MK-0941,0.1021146614724626
LAS101057,0.07819616644638656
WAY-181187,0.03679730630206965
Elamipretide (TFA),0.04382137955820146
Tecarfarin,0.1125493289807296
AMG 333,0.1168035640738069
Tylvalosin,0.006568729751452016
Spinosad,0.06035510725753377
Afoxolaner,0.14061691565127804
Dinotefuran,0.10083303287786065
Fluticasone furoate,0.06512863441880493
Lotilaner,0.06980250227340694
Oclacitinib,0.13588273437907347
Pyriproxyfen,0.05764257221950889
Sarolaner,0.05056650932127765
telavancin,0.08691084352602636
Fluciclovine,0.07087790967025358
CC-92480,-0.022128892994271555
Indoxacarb,0.03526969946984293
Molnupiravir - QC Failure,0.08031388821603151
amyloid P-IN-1,0.057601215278984555
Ubrogepant,-0.17296937434152257
NP-G2-044,0.0816509019322505
PTC596,-0.10977388342578602
Arimoclomol (maleate),0.08761570199533268
AB-680,-0.007035821615262689
RBN-2397,0.014198090887760686
Deprodone propionate,0.0069222476760841
GSK-626616,0.07127051358941482
Enarodustat,0.06522887867553444
DM4,-0.16406986133138143
PT2399,0.013663710321281292
Dexamethasone palmitate,-0.00865803620821971
Dorzagliatin,0.012471353733881982
TK216,-0.128897709137394
Senaparib,-0.0990324779992694
Zotatifin,0.044685121637887744
Remogliflozin etabonate,0.059640841019724784
SNDX-5613,0.035730582456821425
LHF-535,-0.0031497341128532926
(Rac)-Tavapadon,0.04514900234821178
Sibofimloc,0.07879172385240299
Etripamil,0.042221002749227604
T-1101 (tosylate),-0.11590184113037377
AMXT-1501 tetrahydrochloride,0.09809667414284966
VX-984,0.04196865071147981
PF-06952229,0.15760107509418736
ATR inhibitor 2,-0.05298059824458851
Alicapistat,0.0713734548270183
EC5026,0.09697391518419103
E-7386,-0.08159202431741538
AZD8329,0.09820206982707584
AZD-0364,-0.01214457278510846
MSC2360844,0.11299669795922805
SSTR5 antagonist 1,0.09310293271494992
LY2922470,0.04149220672694067
IM156,0.07167105405468058
BAY 2416964,0.0670438885955006
Zamicastat,0.026995672592323324
AZD-7648,0.09312206381668905
PTI-428,0.11390828719600231
S55746,0.06769865346293388
Nevanimibe hydrochloride,0.06259878874805416
Olutasidenib,0.09027751540287737
SAR439859,0.05572100245091048
BMS-986165,0.10480785881211993
Selpercatinib,0.014348365109839471
Difamilast,0.06900147955109569
Antineoplaston A10,0.07755724391624538
ODM-203,0.08009711110225808
Gusacitinib,-0.10437312101742692
SX-682,0.09659200134942178
9-ING-41,-0.11061875634072453
N-Acetylcysteine amide,0.11999933118754876
TAK-071,0.12116764777996347
PRI-724,-0.0002766733724638418
Ligandrol,0.0940140659873318
CC-90011 (benzenesulfonate),0.06272524610665953
AB928,0.08325406303442878
BIIB068,0.03928909349811317
DCC-3014,0.050080490084498885
Omaciclovir,0.06132973312903736
Tefinostat,-0.030507267808051935
ALK2-IN-1,-0.005405467572833485
SEL120-34A (monohydrochloride),-0.08351615524770704
Belvarafenib,-0.07425457740591954
USL311,0.054174332426534966
PF 03716556,0.014304611930912724
Triazavirin,0.03448352954507866
LTA4H-IN-1,0.10243528205125421
Nidufexor,0.0015381716242114747
Burixafor (hydrobromide),0.04280350211115637
Filibuvir,0.10292747135938494
GSK2983559 (free acid),0.05958421412274132
IDO1-IN-5,0.09348486595245925
MDR-652,0.06790322625318407
Polymyxin B nonapeptide (TFA),0.049116852997404904
6-Thio-2'-Deoxyguanosine,-0.08465766695467286
CCR1 antagonist 9,0.04138645209202261
MW-150,0.06488975758405696
Olinciguat,0.09484351372389035
Valnivudine,0.08750512577949965
Petesicatib,0.08863760551094864
Elenbecestat,0.05016953896019037
Balovaptan,0.08555058105410034
ASP5878,-0.13359880873772717
DS-1971a,0.10021175713984094
Fosdagrocorat,0.030495005276308385
Theliatinib,0.10295960229699146
Batabulin,-0.16689657862704071
Flesinoxan,0.08929057562492262
Belzutifan,0.06055416680173804
Tebanicline (dihydrochloride),0.04757130833195522
TAS4464,-0.12435632319219858
FAPI-4,0.06265481416009451
Saredutant,0.07280753075059031
Elexacaftor,-0.045604792115913874
Acrizanib,0.06756020521094637
Zandelisib,0.04615250236484235
MRTX1133,0.021085433206687494
THZ531,0.0478565114367596
Pemigatinib,0.07628229291552742
AMG-397,-0.18462186673442132
AMZ30,0.06456524078530645
meglutol,0.030864939309739898
chromium-picolinate,0.0693885501866252
walrycin-B,-0.008898210817601204
tannic-acid,0.012991757698529872
BRL-44408,0.07105189870755177
3-methyl-GABA,0.0920872386985068
TEPP-46,0.1022710146910259
etifoxine,0.036485971284445994
alpha-methylserotonin,0.06440354499832139
butylidenephthalide,0.05342173622992707
SCH-51344,0.04680998160742473
BQ-788,0.052205371712082914
AMD-3465,0.016610579755444707
MG-624,0.043450465970480905
AZD8797,-0.05930747112172847
HC-067047,0.016018089636494884
SB-452533,0.022456629262702102
NS-19504,0.06796046447358367
GKA-50,0.011338099723638334
5-hydroxyectoine,0.07386045848059905
MK-5046,0.07013649916070859
PK-44,0.07521896328538218
ceftizoxim,0.09230773001564864
PD-173212,0.0382830202000215
Merck60,-0.11242364529884488
PNU-177864,0.07017535483382292
LDN193189,0.019179601093494425
risedronate,0.08271681785516982
TC-I-2014,0.044420601438012366
anagliptin,0.05012708716664687
NHI-2,0.031094770004544903
BRD-K05804044-001-18-5,-0.05113142265127099
DH-97,0.06392270071367015
CCMQ,0.07368213815392194
SM-164,0.043466575258001336
"3,4-DCPG-(R)",0.022645630931840233
CID-2745687,0.0794805731536892
fludrocortisone-acetate,-0.0039128127258455875
AT-1015,0.09737924898802261
propyphenazone,0.04511927800567369
YM-90709,0.0839160752246332
17-PA,0.04969826361424886
PHP-501,0.03740519159238972
NTRC-824,0.05185071226217053
SB-612111,0.1034424367480511
GANT-61,0.10402297246359211
UBP-310,0.023785946165540143
thiotepa,0.11356995018174743
S-trityl-L-cysteine,-0.1360404729812556
methantheline,0.07206654115380626
AZ-10606120,0.07712380625726184
DC-260126,0.09638916561667384
ombitasvir,0.08609274786225658
SR-2211,0.056593403136510165
PF-429242,-0.026982263888562327
Zearalanol,0.10467072994645926
ZAMI-633,0.08787767044609206
K145,0.020827440888379463
VU10010,0.1313743561389476
GNE-477,0.031187333848576332
S1P1-agonist-III,0.11391997019854702
ISRIB,0.06869156918023048
daidzin,0.07360010949105923
PFI-4,0.08408930546178149
A-438079,0.060753271286729846
zinc-undecylenate,0.04112321150746908
trimetrexate,-0.14891903564364936
AZD9056,-0.03491003621429204
ibiglustat,0.05391603667156704
AZD3264,0.04759528177738398
SIB-1893,0.07371347496967769
BC-11,0.028833711228091852
AZ-7371,0.1043712962205986
AS-252424,0.12131437007171007
NBI-98782,0.10141170907133719
ML355,0.08309241880665107
LY2857785,0.05451299981462019
pipobroman,0.07248280070460092
anthraquinone,0.06605818358480275
SB-297006,0.013393633764353905
macozinone,0.06825258915915663
T-025,0.008896280383765503
TC-G-1005,0.042033486479840815
nastorazepide,0.07372282262508505
GSK2830371,0.001788058022063683
APY-29,-0.051186632396587224
NDT-9513727,0.06596930915580149
CC4,0.15285636414829407
DDD107498 (succinate),0.0657991640125699
bromebric-acid,0.03480869604690865
ER-50891,0.04106234085769372
clonixin,0.021235610826230076
dexmedetomidine,0.04659518477086272
Mps-BAY-2a,-0.21165276702275043
PAOPA,0.13086135717215308
OR-486,0.08161715852696547
iCRT-14,0.01598397585115751
dihydroxyacetone,0.026786851272997514
L-694247,0.04211099758038247
undecylenic-acid,0.0424455398223387
UK-5099,0.18053601075644826
treprostinil,0.0680015357730352
EUK-134,0.03193108412546456
Calhex-231,0.10013469084636364
TCS-2210,0.1519550914248308
impentamine,0.0824281049810837
MK-886,0.07877384928202355
A-887826,0.09411086443284941
UF-010,0.02885116287977808
ampyrone,0.10678788383128078
L-kynurenine,0.0009613878081209037
pyrantel-pamoate,0.07189026590953192
Kojic acid,0.05346547271970135
NU-2058,0.13054490070503508
CJ-033466,0.10533717235116098
BMS-470539,0.0328016620010249
"1,4-butanediol",0.006850729642524569
BAY-2402234,0.033563639021256315
neurodazine,0.060921079402263614
dynole-34-2,-0.025291208309745322
GW-1100,0.009757289756702241
R112,0.07252672089057872
AM095,0.08260407255809389
MC1568,0.05658402731249517
NS-3623,0.12080816669077972
levcromakalim,0.10440736302503117
TMN-355,0.018921029998150967
CINPA-1,0.08294713146413692
ML298,0.0581870927641249
Actinonin,0.0708057694571563
LY288513,0.0745116142154385
fenebrutinib,0.015451038225943606
GSK2110183,0.04498250624664455
L-phenylisopropyladenosine,-0.00012644219652184057
ML324,0.08980847610663961
SR-1078,0.11487267783606729
GS-967,0.00831666385323709
MI-14,0.07730883527404765
cinnamaldehyde,0.11148412383017973
CP-640186,0.024548255210122286
TC-G-1000,0.0991416396667916
CFI-400945,-0.1259964409503337
epigallocatechin-(-),0.09200151783877385
kartogenin,0.1498531574205818
ruboxistaurin,0.04694066427997677
cipargamin,-0.06365435711208105
JNJ-5207852,0.10642102202682005
MK-2894,0.04626776896896282
neuropathiazol,0.061590452711973595
loracarbef,-0.04917622429343701
Ketotifen (fumarate) - QC Failure,0.03704337928893838
D-157495,0.062054478289547736
4-DAMP,0.12431759502259826
BMS-906024,0.08271328538782426
TCS-OX2-29,0.11235837158374164
SCH-202676,0.0764904233315294
dalbavancin,0.027066063163067627
A-485,0.02794331822465365
6-aminopenicillanic-acid,0.02864048178213841
ASC-J9,0.04448858674609568
buramate,0.05880328212336919
JNJ-64619178,-0.12757786306177826
L-760735,0.028808849581922494
AC-261066,-0.025018762240251007
McN-5652-(+/-),0.021734158480647473
devazepide,0.0971299942467579
SDZ-SER-082,0.05427356550610109
GF109203X,-0.022822386626754693
dihydrexidine,0.09759682459701599
Metarrestin,0.09762849572559334
pemirolast,0.043121910768991745
fisetin,0.009610303711522775
AP-18,-0.010332841433626908
VER-155008,0.09829657802198173
ammonium-perfluorocaprylate,0.07451202423689687
JHW-007,0.07203421900595518
BAY-60-6583,0.035594894495216856
CP-471474,0.02370684847042429
phenylmethylsulfonyl-fluoride,0.036813383547707516
N-methylformamide,0.07740778886167198
bronopol,0.023338694758737157
gepotidacin,0.02178387389091663
PSNCBAM-1,0.09412016153551614
GSK-LSD-1,0.07048321302027592
EPZ020411,0.0800132456976551
CP-94253,0.05944488370144521
GNE-7915,0.08774756260338065
CKI-7,0.06022820691871393
TC-S-7003,-0.03724965678584352
ectoine,0.028482368970829664
BMS-536924,-0.006997052633639125
PD-118057,0.026358931044354224
SJ-733,0.027979089068627803
ACT-132577,0.0929557552632393
DSM265,0.05723367820988489
methysergide,0.058559396267061324
ZSET1446,0.06911571347253549
plumbagin,0.08631062134210521
AVE-0991,0.04830880111926018
VBY-825,0.06084264685306913
tartaric-acid,0.04066133600198381
GW-542573X,0.06938892200308636
ITX3,0.06355124860714002
cinchonine,0.0483333750719992
GSK1562590,0.0640032698876832
S-07662,0.1147499536791098
isopentyl-4-methoxycinnamate,0.07694681359172081
BTB06584,0.08467534457645277
OTS514,0.04618404258716123
sparteine-(+),0.10498175753028441
GK921,-0.09129196107782925
APY0201,-0.16231630634337774
SIS3,0.016687508892625116
UAMC-00039,0.03928571624095267
liquiritin,0.06504261515111333
L-755507,0.10907521197290415
mivobulin,-0.18091606420201645
micafungin,0.04672716612252188
butabindide,0.06288869037674671
KRCA-0008,0.08276814970024907
ZM-39923,0.11970306774456084
STAT3-inhibitor-VI,0.09715772806144082
cyproterone-acetate,-0.09585882944908275
DHBP,-0.061124219169327434
RN-1,0.11459517531303443
cabagin,0.08054979977809365
JNJ-27141491,-5.483353636760723e-05
AR-C155858,-0.0011365590698592413
SF-11,0.08075933896650274
Imepitoin,0.08856463180543046
JTE-013,0.019531062376031433
geldanamycin,-0.01887835377222726
Mps1-IN-5,-0.17310761071127112
levobetaxolol,0.07176292147432582
AMG-176,-0.04338295978827887
thymopentin,0.10154032610959302
phenyl-salicylate,0.06724767548219795
PhiKan-083,0.03009427208815323
Tricaine (methanesulfonate),0.05957037996904963
astilbin,0.03681966458981691
TC-H-106,0.003781500348424846
merbarone,0.03419164220157663
DSR-6434,0.06673726112417488
methylbenzethonium-chloride,-0.08388224001078935
gallium-triquinolin-8-olate,0.022961705619355715
PF-06651600,0.12432945092633937
NK-252,0.02264605006488658
azaserine,0.11533598386086293
dipyrocetyl,0.06248819052778724
BX-795,-0.06044697112867134
PHA-568487,0.12872069701351804
YM-298198-desmethyl,0.11688140029544415
FH-535,0.07562560891819534
JW-642,0.04527276736736574
Y-29794,0.010387583854114875
cefmetazole,0.10603439195300633
PIM-1-Inhibitor-2,0.11648233096579502
ligustilide,0.04566146568265951
madrasin,0.08522008086288306
riodoxol,0.09301925391976074
etretinate,0.05803127549835181
TCS-21311,-0.016087206367622862
cot-inhibitor-2,-0.0320801609080922
heclin,0.02974419426103818
WYE-687,-0.05880159647959585
LMK-235,-0.03910653625574342
WH-4-023,0.03738681351946625
XMD8-92,-0.13148587261725767
bromindione,0.05220548812431734
GSK2837808A,0.10487375787814661
PF-8380,0.08103784710483453
MDL-27531,0.09678111879612306
cardionogen-1,0.047815827764053624
PF-03882845,0.05931126266830706
SD-2590,0.0408709480830966
AZM-475271,0.09212519757396498
LDN-27219,0.059924705947804094
TC-S-7006,0.07805351624676089
temefos,0.12129832563086076
YM-244769,0.053507290069913074
sulfisomidin,0.1034887252532799
ML786,-0.05175945203265785
PCO-400,0.09455652046494732
azaguanine-8,0.0875802737163849
BAY-61-3606,-0.024840512244910448
propagermanium,0.05370196359899013
alantolactone,0.06746531387542397
methanesulfonyl-fluoride,0.067151537694136
ISX-9,0.10418904026582475
carbaril,0.059635434340537224
TC-O-9311,0.11735063791572188
SBHA,0.10245134199043833
parethoxycaine,0.06280075238581598
mirin,0.02259637789030829
WAY-629,0.019959334622305338
ON-01500,-0.17768082177521188
BMS-182874,0.0010316868819925944
isoflurophate,0.05810080916083261
ethoxyquin,0.06632027841258843
CQS,0.06781838166869178
BMS-566419,-0.003175443074996565
UK-356618,0.043892715115491636
I-CBP-112,-0.021620458835241926
FRAX486,0.04892773306648165
mangafodipir,0.0056768772789802194
"3,5-DHPG-(S)",0.03347411541594716
CU-CPT-4a,0.007526391890209443
3PO,0.12992064759044258
HTH-01-015,0.014102336258249096
cyclopamine,0.06685416654573546
A-1120,0.062482895905816974
YM-298198,0.10606650118899162
ICA-069673,0.10965106555195378
lifitegrast,0.07827685917457154
CHC,0.11083937606544778
bendazol,0.04938033347140807
A-839977,0.0380653990330883
YC-1,-0.0362335598308574
sodium-orthovanadate,0.05849732411112462
propylparaben,0.07008525034044652
theaflavin,0.07252552641767092
CGP-78608,0.05884867605460606
NSC-636819,0.0780356842356393
sodium-nitrite,0.07963151813855297
esomeprazole,0.10816112348212525
JNJ-10397049,0.05514953807673999
DDR1-IN-1,0.007684994364870455
WAY-316606,0.004932207272242627
fumonisin-B1,0.07132869110011224
lylamine,-0.06303102323494582
clanfenur,0.021204355451808946
9-anthracenecarboxylic-acid,0.11555345924238869
SC-51089,0.07606919461995174
SR-1664,0.1018551525667751
sitaxentan,0.06728408880781193
etifenin,0.05454360549810269
ZLN024,0.08212343480059953
naquotinib,0.02796309037089284
HA-130,0.016884426543216806
GNTI,0.06307786105139161
ERK5-IN-1,-0.0819167657623991
tafluprost,0.012291846278762068
oxaceprol,0.09596234268514676
siremadlin,0.06845607485823246
monocrotaline,0.11505493337920109
GW274150,0.08650730235356544
BCTC,0.08290943682472969
TY-52156,0.017158440438076742
BAZ2-ICR,0.021645852830897715
URMC-099,-0.08797038635506536
luzindole,0.0646051586521769
atenolol-(+),0.13290967008119867
statil,0.06836065276116507
2-methylimidazole,0.07077107194202187
MRK-560,0.11063538852291716
A-987306,0.08511120649830071
GNF-7,0.07908950379827251
guanidinoethyldisulfide-bicarbonate,0.10005472100825626
XD-14,0.014473420352126704
ML10302,0.07525450931691077
AZD0156,-0.028922992044815552
tribromoethanol,0.06537336574501329
atorvastatin,0.08299002304287548
sonepiprazole,0.08421456590123982
caroverin,0.09673645161978196
genz-123346,0.13242233418384783
IOX1,0.08222595838837093
PCI-29732,0.11348097389043944
SUN-11602,0.014534139974319082
MJ-15,0.07406385368930309
morantel,0.1386271343536037
CH55,0.024533568622778484
TAK-659,-0.01898623282595961
ICA-110381,-0.0015006561298501365
cis-aconitic-acid,0.050919592793869824
tretinoin,0.013995271550537649
SP-100030,0.09160623796988498
VU591,0.038225425852500786
A77636,0.07622582281705362
alpha-asarone,0.10609454961604957
BLU9931,0.05947152111677209
IT1t,0.10474070793627753
AS-2444697,0.1260451521005807
UC-112,-0.06631168832144246
NS-1643,0.04476171394356502
amifostine,-0.007388864623141603
isoquercitrin,0.040264976133599646
hemin,0.05989255424129455
riboflavin-tetrabutyrate,0.025197921785452496
L-689560,0.005746201952819325
HM-30181,0.04392035256460505
sucrose,0.04987403989093395
SNG-1153,0.03645068649622714
AMI-1,0.06015015705621395
putrescine,0.10801754729655609
remodelin,0.06843918730521448
DG-172,0.057428234160539625
CYM-5541,0.07415409372690539
pitavastatin,-0.04150789041442686
melanotan-ii,0.13709476833580275
losartan,0.04405631434824068
Ranitidine (hydrochloride),0.07187494774902725
ONO-8130,0.07735035678039981
A-804598,0.06907929109788435
ITX5061,0.06788627960372409
TC-G-1004,0.05270448627757723
Metoprine,-0.11203468100093247
reversine,-0.12008997150001215
rauwolscine,0.07235096513834918
furamidine,-0.05565239307285526
N-(p-amylcinnamoyl)-anthranilic-acid,0.03136516638923902
ridinilazole,0.02145085122460326
TCN238,0.04515423269228923
PD-81723,0.09131830441186396
adelmidrol,0.09026019219154496
methylparaben,0.07913927366674246
cefotaxime,0.1354642151206547
MMV-390048,0.05851523696562093
PLX647,0.0173838067090548
A-582941,0.05608629770837138
saroglitazar,-0.010717435312471331
aminosalicylate,0.02188844456457343
bismuth-subsalicylate,0.04382951110435444
AG-556,0.04132752975597477
TRAM-39,0.04802677848996264
GSK2606414,0.04190851193932601
NGD-98-2,0.12543096661692998
licostinel,0.024038052395816523
TCS-3035,0.02646962772652937
mecysteine,0.07070072899582962
ASP-6537,-0.0031672896996633153
SDZ-220-040,0.06484783668601123
rosuvastatin,0.11142606134200235
AT-406,0.09776799661316257
strontium-ranelate,0.021945897422553633
BLZ945,0.07976782901839809
PF-750,0.06699491860862207
NFKB-activation-inhibitor-II,0.07832367482989473
daminozide,0.11589505267516063
JNJ-47965567,0.0960170531639395
paeoniflorin,0.05291861559739375
VU0360172,-0.0013100458942940899
PTC-209,0.039475402158328385
R-268712,0.15778093067347565
C11-Acetate,0.07624321475479537
2-Benzyl-4-chlorophenol,0.11291696239878483
CW-008,0.03361153557505222
zoledronic-acid,0.07793051892083429
tinoridine,0.037874111685994936
KHK-IN-1,-0.06430819377725285
6-Diazo-5-oxo-L-nor-Leucine - QC Failure,0.057561144196483394
spautin-1,-0.035291576532370805
benactyzine,0.1141092419957852
LY231617,0.03392941015312559
OR-1896,0.058346542435837166
MK-8998,0.03348602788697544
SGC-707,0.06942561584885291
sparteine-(-),0.043041455779420736
BAY-60-7550,0.08857656207913718
wortmannin,0.07769295195243135
NVP-TNKS656,0.08352577196938141
TC-SP-14,0.051461856346905775
sobuzoxane,-0.015662152469770818
A-784168,0.03235465145780509
zebularine,0.08993028892613089
dynasore,0.0504869808915923
VU152100,0.03087623767881531
tyrphostin-AG-825,0.07002310019894378
TP-003,0.018237465729542948
RQ-00203078,0.022050553121908623
EIPA,0.050245596703248886
Bortezomib,-0.06035343572233022
ON123300,-0.10421594678508256
CC-223,-0.029574398127385007
AZD5582,0.0042518314075407505
ascomycin,-0.01238896237359272
BRD9876,0.033920583226185234
CU-T12-9,0.03203292643608661
Pericyazine,0.06215898683819491
HER2-Inhibitor-1,0.09240403503988086
AI-10-49,-0.06381871916055652
MK2-IN-1,0.005714614850876084
M8-B,0.09646177714520786
GSK2193874,0.09323204594507296
K-Ras(G12C)-inhibitor-12,0.11176832307527691
delafloxacin,0.09254637690197134
CCT-031374,0.07922515711988116
sinefungin,-0.008772099308090154
SU16f,0.08960416373890388
Ro-67-7476,0.04123673278191309
YIL-781,0.015551813234022977
EI1,0.10128648013876329
kasugamycin,0.06337546302766633
S63845,-0.028735742410541977
catharanthine,0.07622978598361965
PF-04885614,0.07340211569837421
cysteamine,0.04287657260256569
OF-1,-0.0030709331610489984
imatinib,0.05212495077005917
ML218,0.03277620422425336
PD-166285,-0.030821750382790343
lusutrombopag,0.09219586193954557
NS-5806,0.024486836846498175
OICR-9429,0.08845384721243744
pyrintegrin,-0.1449965504844042
carbarsone,0.15173592046392206
Mps1-IN-1,0.09418401554396814
tolonium,-0.1529321126888002
SU9516,-0.08890010545615236
DR-2313,0.14193921563552003
tucidinostat,-0.045327372517610647
pindolol-(-),0.0690042333212166
BHQ,0.10155213759744292
exo-IWR-1,0.05008480451044743
Imazodan,0.021154558600205164
nifedipine,0.09917001823774624
S4,0.047424503284173934
calcium-levofolinate,0.07954639428844597
deferasirox,0.011662996319117148
PD-161570,-0.017306504620962337
CPI-169,0.07506976275935184
ferrostatin-1,0.07321268315403955
GSK2881078,0.03550405578763173
API-1,-0.17064521386085005
savolitinib,0.06475676636431062
cot-inhibitor-1,0.056739835466680294
CB-103,0.07461553628138018
A-939572,-0.06782555604557601
SAG,0.05693662338046158
cefazolin,0.05170733231396836
SA-47,0.06760305332410614
acrylate,0.0918029255980607
threo-2-methylisocitrate-(DL),0.03016904177898616
potassium-iodide,0.032910873494361906
sodium-dodecyl-sulfate,0.08632390418678698
pamabrom,0.06802951229458522
ethanolamine-oleate,0.1442803915838724
lasofoxifene,0.020553040971515148
